site_group_id,canonical_name,sources,source_count,member_count,primary_source,primary_source_layer,primary_record_uid,status_summary,is_currently_built,has_pipeline_status,state,county,city,latitude,longitude,coordinate_valid,geometry_type,operator_summary,name_aliases,facility_size_sqft,campus_area_sqft,mw_summary,reference_confidence,match_notes
site_00310,Barrington Hills Data Center,FracTracker,1,1,FracTracker,,FracTracker:frac_row_1328,Cancelled,False,True,IL,Cook,Barrington Hills,42.102898,-88.228096,True,Point,,Barrington Hills Data Center,,,,single_source_curated,
site_00343,Lincoln Rackhouse,FracTracker|PNNL,2,2,PNNL,building,PNNL:building_00124088810,Operating,True,False,IL,DuPage County,Aurora,41.77216480463177,-88.21709086831733,True,Polygon,,Lincoln Rackhouse|US Signal Data Center,33000.0,,1.35-6,multi_source,FracTracker:frac_row_1359<->PNNL:building_00124088810:spatial_100m:8.364m
site_00361,PowerHouse Data Centers,FracTracker,1,1,FracTracker,,FracTracker:frac_row_1377,Proposed,False,True,IL,Will,Jackson Twp/ Joliet,41.465225,-88.06284,True,Point,,PowerHouse Data Centers,3468000.0,,1800,single_source_curated,
site_00419,PowerHouse Hillwood Holding data center,FracTracker,1,1,FracTracker,,FracTracker:frac_row_1429,Approved/Permitted/Under construction,False,True,IL,Will,Joliet,41.46266,-88.05086,True,Point,PowerHouse Hillwood Holding,PowerHouse Hillwood Holding data center,3468000.0,,1800,single_source_curated,
site_00603,Edged Data Center,FracTracker,1,1,FracTracker,,FracTracker:frac_row_259,Approved/Permitted/Under construction,False,True,IL,DuPage,Aurora,41.80707,-88.24102,True,Point,Edged,Edged Data Center,,,72,single_source_curated,
site_00605,Western Hospitality Partners Data Center,FracTracker,1,1,FracTracker,,FracTracker:frac_row_260,Suspended,False,True,IL,Will,Braidwood/ Braceville,41.256397,-88.2417,True,Point,,Western Hospitality Partners Data Center,,,,single_source_curated,
site_00606,HydraVault Data Center,FracTracker,1,1,FracTracker,,FracTracker:frac_row_261,Approved/Permitted/Under construction,False,True,IL,Cook,Chicago,41.84624,-87.6257,True,Point,,HydraVault Data Center,,,20,single_source_curated,
site_00607,Karis Critical Data Center,FracTracker,1,1,FracTracker,,FracTracker:frac_row_262,Proposed,False,True,IL,DeKalb,Dekalb,41.894,-88.7222,True,Point,,Karis Critical Data Center,1750000.0,,,single_source_curated,
site_00608,Gail Technology Data Center,FracTracker,1,1,FracTracker,,FracTracker:frac_row_263,Proposed,False,True,IL,Effingham,Effingham,39.16273,-88.51865,True,Point,Gail Technology,Gail Technology Data Center,,,,single_source_curated,
site_00609,Aligned,FracTracker,1,1,FracTracker,,FracTracker:frac_row_264,Proposed,False,True,IL,Cook,Elk Grove Village,42.03573,-87.9766,True,Point,,Aligned,50000.0,,,single_source_curated,
site_00610,Aligned,FracTracker,1,1,FracTracker,,FracTracker:frac_row_265,Proposed,False,True,IL,Cook,Elk Grove Village,42.03674,-87.9827,True,Point,,Aligned,115000.0,,,single_source_curated,
site_00611,Aligned,FracTracker,1,1,FracTracker,,FracTracker:frac_row_266,Proposed,False,True,IL,Cook,Elk Grove Village,42.03374,-87.9824,True,Point,,Aligned,177000.0,,,single_source_curated,
site_00612,Nexstar Media Group Data Center,FracTracker,1,1,FracTracker,,FracTracker:frac_row_267,Proposed,False,True,IL,Cook,Elk Grove Village,42.01142,-88.0317,True,Point,,Nexstar Media Group Data Center,700000.0,,,single_source_curated,
site_00613,Stream Data Center,FracTracker,1,1,FracTracker,,FracTracker:frac_row_268,Proposed,False,True,IL,Cook,Elk Grove Village,42.01401,-87.95375,True,Point,,Stream Data Center,,,,single_source_curated,
site_00614,Stream Chicago I,FracTracker|NAICS|PNNL,3,3,PNNL,building,PNNL:building_00863162825,Operating,True,False,IL,Cook County,Elk Grove Village,42.00260065820328,-87.95113481547399,True,Polygon,Stream,STREAM DATA CENTERS|Stream Chicago I|Stream Data Center: Chicago 1,126689.0,,15,multi_source,FracTracker:frac_row_269<->NAICS:naics_436:spatial_100m:58.452m ; FracTracker:frac_row_269<->PNNL:building_00863162825:spatial_100m:55.625m ; NAICS:naics_436<->PNNL:building_00863162825:spatial_100m:4.774m
site_00616,Stream Chicago II,FracTracker|PNNL,2,2,PNNL,building,PNNL:building_00863162820,Operating,True,False,IL,Cook County,Elk Grove Village,41.99912438131275,-87.95776458161538,True,Polygon,Stream,Stream Chicago II|Stream Data Center: Chicago 2,226000.0,,32,multi_source,FracTracker:frac_row_270<->PNNL:building_00863162820:spatial_100m:12.169m
site_00617,T5 Chicago II,FracTracker|NAICS|PNNL,3,3,PNNL,building,PNNL:building_01219083554,Approved/Permitted/Under construction,True,True,IL,Cook County,Elk Grove Village,42.02304233326569,-87.97555687597257,True,Polygon,T5 Data Centers,T5 Chicago II|T5 Data Center|T5@CHICAGO II LP,250000.0,,36,multi_source,FracTracker:frac_row_271<->NAICS:naics_444:spatial_100m:16.2m ; FracTracker:frac_row_271<->PNNL:building_01219083554:spatial_100m:12.502m ; NAICS:naics_444<->PNNL:building_01219083554:spatial_100m:4.215m
site_00618,Western Hospitality Partners Data Center,FracTracker,1,1,FracTracker,,FracTracker:frac_row_272,Cancelled,False,True,IL,Tazewell,Groveland Twp,40.59457,-89.590225,True,Point,,Western Hospitality Partners Data Center,,,,single_source_curated,
site_00619,Hut8 Data Center,FracTracker,1,1,FracTracker,,FracTracker:frac_row_273,Proposed,False,True,IL,Logan,Latham/ Laenna Twp,39.97475,-89.19171,True,Point,Hut 8,Hut8 Data Center,1000000.0,,500,single_source_curated,
site_00620,Cloud Centers Data Center,FracTracker,1,1,FracTracker,,FracTracker:frac_row_274,Proposed,False,True,IL,DuPage,Lisle,41.801693,-88.06276,True,Point,Cloud Centers,Cloud Centers Data Center,256000.0,,50,single_source_curated,
site_00621,CyrusOne Data Center,FracTracker,1,1,FracTracker,,FracTracker:frac_row_275,Approved/Permitted/Under construction,False,True,IL,DuPage,Lombard,41.84915,-88.0291,True,Point,,CyrusOne Data Center,500000.0,,18,single_source_curated,
site_00622,Cielo Digital Infrastructure,FracTracker,1,1,FracTracker,,FracTracker:frac_row_276,Proposed,False,True,IL,Grundy,Minooka,41.45592,-88.2842,True,Point,,Cielo Digital Infrastructure,,,500,single_source_curated,
site_00623,Tract Morris Data Center,FracTracker,1,1,FracTracker,,FracTracker:frac_row_277,Proposed,False,True,IL,Grundy,Morris,41.39786,-88.37636,True,Point,Tract Data Centers,Tract Morris Data Center,2900000.0,,"1,000",single_source_curated,
site_00624,Karis Critical Data Center,FracTracker,1,1,FracTracker,,FracTracker:frac_row_278,Cancelled,False,True,IL,DuPage,Naperville,41.81113,-88.1191,True,Point,,Karis Critical Data Center,145000.0,,36,single_source_curated,
site_00625,Cielo Digital Infrastructure,FracTracker,1,1,FracTracker,,FracTracker:frac_row_279,Proposed,False,True,IL,Will,New Lenox,41.51055,-87.969,True,Point,,Cielo Digital Infrastructure,,,350,single_source_curated,
site_00627,Aligned Data Center - Chicago ORD-01,FracTracker|PNNL,2,2,PNNL,building,PNNL:building_01217649348,Operating,True,False,IL,Cook County,Northlake,41.91398308559336,-87.91746545885744,True,Polygon,Aligned|Aligned Data Centers,Aligned Data Center - Chicago ORD-01|ORD-01 Data Center,220000.0,,42,multi_source,FracTracker:frac_row_280<->PNNL:building_01217649348:spatial_100m:19.755m
site_00628,Aligned Data Center - Chicago ORD-02,FracTracker|PNNL,2,2,PNNL,building,PNNL:building_01217649350,Approved/Permitted/Under construction,True,True,IL,Cook County,Northlake,41.91296223024628,-87.91749234723224,True,Polygon,Aligned|Aligned Data Centers,Aligned Data Center - Chicago ORD-02|ORD-02 Data Center,111422.0,,,multi_source,FracTracker:frac_row_281<->PNNL:building_01217649350:spatial_100m:35.424m
site_00629,Troy Cloverleaf Data Center,FracTracker,1,1,FracTracker,,FracTracker:frac_row_282,Proposed,False,True,IL,Madison,Troy,38.725338,-89.909645,True,Point,Cloverleaf,Troy Cloverleaf Data Center,1584000.0,,500,single_source_curated,
site_00630,CyrusOne,FracTracker,1,1,FracTracker,,FracTracker:frac_row_283,Approved/Permitted/Under construction,False,True,IL,Sangamon,Waverly/ Talkington Twp,39.54828,-89.89837,True,Point,,CyrusOne,250000.0,,632,single_source_curated,
site_00631,CyrusOne Data Center,FracTracker,1,1,FracTracker,,FracTracker:frac_row_284,Approved/Permitted/Under construction,False,True,IL,Kendall,Yorkville,41.6759,-88.4834,True,Point,,CyrusOne Data Center,,,,single_source_curated,
site_00632,CyrusOne Data Center,FracTracker,1,1,FracTracker,,FracTracker:frac_row_285,Proposed,False,True,IL,Kendall,Yorkville,41.68361,-88.4681,True,Point,,CyrusOne Data Center,740000.0,,,single_source_curated,
site_01560,QTS Chicago,NAICS|PNNL,2,2,PNNL,building,PNNL:building_00209786637,Operating/inferred,True,False,IL,Cook County,,41.84218652884067,-87.66900814712955,True,Polygon,Quality Technology Services,QTS Chicago|QUALITY TECHNOLOGY SERVICES LLC,267112.0,,,multi_source,NAICS:naics_300<->PNNL:building_00209786637:name_supported_500m:294.612m
site_01834,Element Critical CH1,NAICS|PNNL,2,2,PNNL,building,PNNL:building_00384690290,Operating/inferred,True,False,IL,DuPage County,,41.97576175006559,-87.96468543810447,True,Polygon,Element Critical,CHICAGO ENTERPRISE LLC|Element Critical CH1,92076.0,,,multi_source,NAICS:naics_86<->PNNL:building_00384690290:spatial_100m:70.865m
site_01842,Equinix Chicago CH3,NAICS|PNNL,2,2,PNNL,building,PNNL:building_00377032061,Operating/inferred,True,False,IL,Cook County,,42.001158707879654,-87.95521312428228,True,Polygon,Equinix,EQUINIX LLC|Equinix Chicago CH3,135800.0,,,multi_source,NAICS:naics_94<->PNNL:building_00377032061:spatial_100m:13.633m
site_01881,Digital Realty CH1,PNNL,1,1,PNNL,building,PNNL:building_00128499684,Operating/inferred,True,False,IL,Cook County,,41.9942374288397,-87.96217216116061,True,Polygon,Digital Realty,Digital Realty CH1,469756.0,,,single_source_geometry,
site_01885,NCSA Petascale Computing Facility,PNNL,1,1,PNNL,building,PNNL:building_00138260136,Operating/inferred,True,False,IL,Champaign County,,40.09525910728646,-88.24203140069088,True,Polygon,,NCSA Petascale Computing Facility,45620.0,,,single_source_geometry,
site_01887,Digital Realty ORD11,PNNL,1,1,PNNL,building,PNNL:building_00149379943,Operating/inferred,True,False,IL,Cook County,,41.87429345515449,-87.6299544230129,True,Polygon,Digital Realty,Digital Realty ORD11,9092.0,,,single_source_geometry,
site_01891,Serverfarm CH1,PNNL,1,1,PNNL,building,PNNL:building_00152449872,Operating/inferred,True,False,IL,Cook County,,41.87094383200688,-87.64014138667577,True,Polygon,Serverfarm,Serverfarm CH1,56419.0,,,single_source_geometry,
site_01893,Lakeside Technology Center,PNNL,1,1,PNNL,building,PNNL:building_00156520409,Operating/inferred,True,False,IL,Cook County,,41.85365260504632,-87.6183592533761,True,Polygon,,Lakeside Technology Center,129156.0,,,single_source_geometry,
site_01897,EdgeConneX CHI01,PNNL,1,1,PNNL,building,PNNL:building_00174242795,Operating/inferred,True,False,IL,Cook County,,42.00077520139855,-87.9507686963863,True,Polygon,EdgeConneX,EdgeConneX CHI01,120191.0,,,single_source_geometry,
site_01911,CyrusOne Chicago Aurora CME,PNNL,1,1,PNNL,building,PNNL:building_00199252950,Operating/inferred,True,False,IL,DuPage County,,41.796710709040994,-88.24360276085451,True,Polygon,CyrusOne,CyrusOne Chicago Aurora CME,483103.0,,,single_source_geometry,
site_01928,Iron Mountain Data & Record Storage,PNNL,1,1,PNNL,building,PNNL:building_00210222970,Operating/inferred,True,False,IL,Cook County,,41.84879669155961,-87.64550983406528,True,Polygon,Iron Mountain,Iron Mountain Data & Record Storage,106033.0,,,single_source_geometry,
site_01940,Equinix Chicago Data CH7,PNNL,1,1,PNNL,building,PNNL:building_00243242167,Operating/inferred,True,False,IL,DuPage County,,41.812557111453394,-87.9728434935898,True,Polygon,Equinix,Equinix Chicago Data CH7,47336.0,,,single_source_geometry,
site_01977,VISA,PNNL,1,1,PNNL,building,PNNL:building_00317466755,Operating/inferred,True,False,IL,Lake County,,42.216756536018735,-87.95284650862307,True,Polygon,VISA,VISA,55001.0,,,single_source_geometry,
site_01991,,PNNL,1,1,PNNL,building,PNNL:building_00343593591,Operating/inferred,True,False,IL,DuPage County,,41.90535458903981,-88.21951394141162,True,Polygon,,,14550.0,,,single_source_geometry,
site_02007,EdgeConneX CHI02,PNNL,1,1,PNNL,building,PNNL:building_00377032058,Operating/inferred,True,False,IL,Cook County,,42.001494373393264,-87.95256335815348,True,Polygon,EdgeConneX,EdgeConneX CHI02,64358.0,,,single_source_geometry,
site_02008,Element Critical CH2,PNNL,1,1,PNNL,building,PNNL:building_00377212693,Operating/inferred,True,False,IL,DuPage County,,41.97422731222964,-87.9671757623118,True,Polygon,Element Critical,Element Critical CH2,44358.0,,,single_source_geometry,
site_02009,Centersquare Elk Grove Village Data Center Campus ORD2,PNNL,1,1,PNNL,building,PNNL:building_00377345296,Operating/inferred,True,False,IL,DuPage County,,41.99204041535667,-87.95817200961845,True,Polygon,Centersquare,Centersquare Elk Grove Village Data Center Campus ORD2,198323.0,,,single_source_geometry,
site_02019,Skybox Chicago I,PNNL,1,1,PNNL,building,PNNL:building_00383545769,Operating/inferred,True,False,IL,Cook County,,41.99366849754896,-87.9735185179455,True,Polygon,Skybox,Skybox Chicago I,174575.0,,,single_source_geometry,
site_02031,Digital Realty Chicago ORD12,PNNL,1,1,PNNL,building,PNNL:building_00409296605,Operating/inferred,True,False,IL,Cook County,,41.92837828612005,-87.85923594325138,True,Polygon,Digital Realty,Digital Realty Chicago ORD12,90165.0,,,single_source_geometry,
site_02109,Centersquare Lisle ORD4 Data Center,PNNL,1,1,PNNL,building,PNNL:building_00530024353,Operating/inferred,True,False,IL,DuPage County,,41.80234062646393,-88.09488558888414,True,Polygon,Centersquare,Centersquare Lisle ORD4 Data Center,361205.0,,,single_source_geometry,
site_02132,Microsoft - Azure Datacenter,PNNL,1,1,PNNL,building,PNNL:building_00578443547,Operating/inferred,True,False,IL,Cook County,,41.923005619536646,-87.91824122484651,True,Polygon,Microsoft,Microsoft - Azure Datacenter,306766.0,,,single_source_geometry,
site_02186,Digital Realty CH3,PNNL,1,1,PNNL,building,PNNL:building_00713428715,Operating/inferred,True,False,IL,Cook County,,41.99439647260606,-87.96490377244766,True,Polygon,Digital Realty,Digital Realty CH3,348220.0,,,single_source_geometry,
site_02187,Digital Realty CH2,PNNL,1,1,PNNL,building,PNNL:building_00713433204,Operating/inferred,True,False,IL,Cook County,,41.994463823169475,-87.95773561339534,True,Polygon,Digital Realty,Digital Realty CH2,302974.0,,,single_source_geometry,
site_02244,CoreSite Chicago Data Center (CH2),PNNL,1,1,PNNL,building,PNNL:building_00841813139,Operating/inferred,True,False,IL,Cook County,,41.86279831305618,-87.64130393635244,True,Polygon,CoreSite,CoreSite Chicago Data Center (CH2),61773.0,,,single_source_geometry,
site_02253,STACK Chicago CHI01,PNNL,1,1,PNNL,building,PNNL:building_00863162822,Operating/inferred,True,False,IL,Cook County,,42.006843875852,-87.96519018575371,True,Polygon,Stack Infrastructure,STACK Chicago CHI01,298471.0,,,single_source_geometry,
site_02364,,PNNL,1,1,PNNL,building,PNNL:building_01133944585,Operating/inferred,True,False,IL,Madison County,,38.81056014127996,-89.94870327621621,True,Polygon,,,204.0,,,single_source_geometry,
site_02371,Datacenter (386),PNNL,1,1,PNNL,building,PNNL:building_01154349280,Operating/inferred,True,False,IL,DuPage County,,41.707134165979966,-87.97595597595401,True,Polygon,UChicago Argonne LLC,Datacenter (386),12413.0,,,single_source_geometry,
site_02375,NTT Chicago CH1,PNNL,1,1,PNNL,building,PNNL:building_01154636644,Operating/inferred,True,False,IL,DuPage County,,41.98791937605658,-88.00726495418601,True,Polygon,NTT,NTT Chicago CH1,113535.0,,,single_source_geometry,
site_02399,,PNNL,1,1,PNNL,building,PNNL:building_01219083552,Operating/inferred,True,False,IL,Cook County,,42.02314332706365,-87.97218622171744,True,Polygon,,,110471.0,,,single_source_geometry,
site_02435,NTT Chicago CH2,PNNL,1,1,PNNL,building,PNNL:building_01271571726,Operating/inferred,True,False,IL,DuPage County,,41.98896681192547,-88.00725702699874,True,Polygon,NTT,NTT Chicago CH2,115555.0,,,single_source_geometry,
site_02465,,PNNL,1,1,PNNL,building,PNNL:building_01312792611,Operating/inferred,True,False,IL,DeKalb County,,41.88853040860736,-88.72185807435966,True,Polygon,Meta,,568454.0,,,single_source_geometry,
site_02466,,PNNL,1,1,PNNL,building,PNNL:building_01312792612,Operating/inferred,True,False,IL,DeKalb County,,41.88928381978822,-88.73105377072714,True,Polygon,Meta,,568442.0,,,single_source_geometry,
site_02467,,PNNL,1,1,PNNL,building,PNNL:building_01312792613,Operating/inferred,True,False,IL,DeKalb County,,41.89027497092366,-88.72635519613044,True,Polygon,Meta,,320184.0,,,single_source_geometry,
site_02530,,PNNL,1,1,PNNL,building,PNNL:building_01426146790,Operating/inferred,True,False,IL,DuPage County,,41.795384289880126,-88.2469228118375,True,Polygon,,,169253.0,,,single_source_geometry,
site_02554,NTT Chicago CH3,PNNL,1,1,PNNL,building,PNNL:building_01446350367,Operating/inferred,True,False,IL,DuPage County,,41.98691359199497,-88.00800375413563,True,Polygon,NTT,NTT Chicago CH3,83897.0,,,single_source_geometry,
site_02555,NTT Chicago CH4,PNNL,1,1,PNNL,building,PNNL:building_01446350370,Operating/inferred,True,False,IL,DuPage County,,41.98909513231781,-88.00476482597362,True,Polygon,NTT,NTT Chicago CH4,101346.0,,,single_source_geometry,
site_02613,Microsoft Data Center - Hoffman Estates,PNNL,1,1,PNNL,campus,PNNL:campus_00998245264,Operating/inferred,True,False,IL,Cook County,,42.07695198404611,-88.13389076420349,True,MultiPolygon,,Microsoft Data Center - Hoffman Estates,,2105271.0,,single_source_geometry,
site_02615,DeKalb Meta Data Center,PNNL,1,1,PNNL,campus,PNNL:campus_01019770124,Operating/inferred,True,False,IL,DeKalb County,,41.889040347505414,-88.72856898056978,True,MultiPolygon,Meta Platforms,DeKalb Meta Data Center,,12793294.0,,single_source_geometry,
site_02678,Netrality,PNNL,1,1,PNNL,point,PNNL:point_10537283366,Operating/inferred,True,False,IL,Cook County,,41.8728811,-87.63344,True,Point,Netrality,Netrality,,,,single_source_geometry,
site_02685,Digital Realty ORD10,PNNL,1,1,PNNL,point,PNNL:point_10910879064,Operating/inferred,True,False,IL,Cook County,,41.8533507,-87.6183067,True,Point,Digital Realty,Digital Realty ORD10,,,,single_source_geometry,
site_02686,Centersquare Chicago Data Center - ORD1,PNNL,1,1,PNNL,point,PNNL:point_10910879065,Operating/inferred,True,False,IL,Cook County,,41.8533827,-87.6186071,True,Point,Centersquare,Centersquare Chicago Data Center - ORD1,,,,single_source_geometry,
site_02688,West Monroe,PNNL,1,1,PNNL,point,PNNL:point_10945121336,Operating/inferred,True,False,IL,Cook County,,41.8805271,-87.6359383,True,Point,,West Monroe,,,,single_source_geometry,
site_02690,CoreSite Chicago Data Center (CH1),PNNL,1,1,PNNL,point,PNNL:point_11098469355,Operating/inferred,True,False,IL,Cook County,,41.8759405,-87.6314655,True,Point,CoreSite,CoreSite Chicago Data Center (CH1),,,,single_source_geometry,
site_02716,Equinix Chicago Data Center - CH1,PNNL,1,1,PNNL,point,PNNL:point_12695496267,Operating/inferred,True,False,IL,Cook County,,41.8535578,-87.6180475,True,Point,Equinix,Equinix Chicago Data Center - CH1,,,,single_source_geometry,
