record_uid,source,source_layer,source_file,source_record_id,source_name,operator,status,source_latitude,source_longitude,coordinate_valid,geometry_type,facility_size_sqft,campus_area_sqft,mw,canonical_state_source,canonical_county_source,city,address,zip,location_confidence,source_detail_json,normalized_name,normalized_operator,source_is_currently_built,site_group_id
FracTracker:frac_row_1328,FracTracker,,raw-data/data-center-locations/FracTracker/FracTracker_01_29_26.csv,frac_row_1328,Barrington Hills Data Center,,Cancelled,42.102898,-88.228096,True,Point,,,,IL,Cook,Barrington Hills,Pond Gate Dr & Penny Rd,60010.0,High,"{""community_pushback"": ""Yes"", ""date_created"": ""02/16/2026"", ""date_updated"": ""02/26/2026"", ""info_source_1"": ""https://www.shawlocal.com/northwest-herald/news/2026/01/29/2-billion-data-center-proposal-in-barrington-hills-withdrawn/"", ""information_source"": ""Media Monitoring"", ""sizerank"": ""Unknown""}",barrington hills,,False,site_00310
FracTracker:frac_row_1359,FracTracker,,raw-data/data-center-locations/FracTracker/FracTracker_01_29_26.csv,frac_row_1359,US Signal Data Center,,Operating,41.772236,-88.21706,True,Point,33000.0,,1.35-6,IL,Kane,Aurora,4267 Meridian Pkwy,60504.0,High,"{""community_pushback"": ""Unknown"", ""date_created"": ""03/04/2026"", ""date_updated"": ""04/27/2026"", ""info_source_1"": ""https://www.datacenterdynamics.com/en/news/us-signal-acquires-data-center-in-aurora-illinois/"", ""information_source"": ""Media Monitoring"", ""sizerank"": ""Small (0-10 MW)""}",us signal,,True,site_00343
PNNL:building_00124088810,PNNL,building,raw-data/data-center-locations/PNNL/PNNL_2026.02.09_building.geojson,building_00124088810,Lincoln Rackhouse,,Operating/inferred,41.77216480463177,-88.21709086831733,True,Polygon,70123.0,,,IL,DuPage County,,,,,"{""county_id"": ""043"", ""osm_id"": ""00124088810"", ""ref"": """", ""sqft"": ""70123.0"", ""state"": ""Illinois""}",lincoln rackhouse,,True,site_00343
FracTracker:frac_row_1377,FracTracker,,raw-data/data-center-locations/FracTracker/FracTracker_01_29_26.csv,frac_row_1377,PowerHouse Data Centers,,Proposed,41.465225,-88.06284,True,Point,3468000.0,,1800,IL,Will,Jackson Twp/ Joliet,S Rowell Rd & W Bernhard Rd,60421.0,High,"{""community_pushback"": ""Yes"", ""date_created"": ""03/13/2026"", ""date_updated"": ""03/13/2026"", ""info_source_1"": ""https://www.datacenterdynamics.com/en/news/proposal-for-20bn-data-center-outside-chicago-recommended-for-approval-by-local-planning-commission/"", ""information_source"": ""Media Monitoring"", ""sizerank"": ""Mega campus (>1,000 MW)""}",powerhouse,,False,site_00361
FracTracker:frac_row_1429,FracTracker,,raw-data/data-center-locations/FracTracker/FracTracker_01_29_26.csv,frac_row_1429,PowerHouse Hillwood Holding data center,PowerHouse Hillwood Holding,Approved/Permitted/Under construction,41.46266,-88.05086,True,Point,3468000.0,,1800,IL,Will,Joliet,Schweitzer Rd and S Ridge Rd,60421.0,High,"{""community_pushback"": ""Unknown"", ""date_created"": ""04/02/2026"", ""date_updated"": ""04/02/2026"", ""info_source_1"": ""https://www.datacenterdynamics.com/en/news/approval-given-to-20bn-data-center-near-chicago-illinois/"", ""information_source"": ""Media Monitoring"", ""sizerank"": ""Mega campus (>1,000 MW)""}",powerhouse hillwood holding,powerhouse hillwood holding,False,site_00419
FracTracker:frac_row_259,FracTracker,,raw-data/data-center-locations/FracTracker/FracTracker_01_29_26.csv,frac_row_259,Edged Data Center,Edged,Approved/Permitted/Under construction,41.80707,-88.24102,True,Point,,,72,IL,DuPage,Aurora,2835 Bilter Road,60502.0,High,"{""community_pushback"": ""Unknown"", ""date_created"": ""11/26/2025"", ""date_updated"": ""11/26/2025"", ""info_source_1"": ""https://datacenter.news/story/edged-expands-aurora-campus-with-waterless-ai-data-centre"", ""information_source"": ""Media Monitoring"", ""sizerank"": ""Large (51-99 MW)""}",edged,edged,False,site_00603
FracTracker:frac_row_260,FracTracker,,raw-data/data-center-locations/FracTracker/FracTracker_01_29_26.csv,frac_row_260,Western Hospitality Partners Data Center,,Suspended,41.256397,-88.2417,True,Point,,,,IL,Will,Braidwood/ Braceville,near Interstate 55 and Reed Rd,60407.0,High,"{""community_pushback"": ""Unknown"", ""date_created"": ""01/26/2026"", ""date_updated"": ""01/26/2026"", ""info_source_1"": ""https://www.datacenterdynamics.com/en/news/planned-data-center-project-outside-chicago-illinois-paused-due-to-energy-infrastructure/"", ""information_source"": ""Media Monitoring"", ""sizerank"": ""Unknown""}",western hospitality,,False,site_00605
FracTracker:frac_row_261,FracTracker,,raw-data/data-center-locations/FracTracker/FracTracker_01_29_26.csv,frac_row_261,HydraVault Data Center,,Approved/Permitted/Under construction,41.84624,-87.6257,True,Point,,,20,IL,Cook,Chicago,2538 S Wabash Ave,60616.0,High,"{""community_pushback"": ""Yes"", ""date_created"": ""09/17/2025"", ""date_updated"": ""02/11/2026"", ""info_source_1"": ""https://www.datacenterdynamics.com/en/news/new-firm-announces-plans-for-20mw-liquid-cooled-data-center-in-chicago/"", ""information_source"": ""Media Monitoring"", ""sizerank"": ""Medium (11-50 MW)""}",hydravault,,False,site_00606
FracTracker:frac_row_262,FracTracker,,raw-data/data-center-locations/FracTracker/FracTracker_01_29_26.csv,frac_row_262,Karis Critical Data Center,,Proposed,41.894,-88.7222,True,Point,1750000.0,,,IL,DeKalb,Dekalb,E Gurler and S Peace Rds,60115.0,Medium,"{""community_pushback"": ""Unknown"", ""date_created"": ""09/03/2025"", ""date_updated"": ""09/03/2025"", ""info_source_1"": ""https://www.datacenterdynamics.com/en/news/seven-building-data-center-campus-gets-preliminary-ok-from-illinois-planning-commission/"", ""information_source"": ""Media Monitoring"", ""sizerank"": ""Unknown""}",karis critical,,False,site_00607
FracTracker:frac_row_263,FracTracker,,raw-data/data-center-locations/FracTracker/FracTracker_01_29_26.csv,frac_row_263,Gail Technology Data Center,Gail Technology,Proposed,39.16273,-88.51865,True,Point,,,,IL,Effingham,Effingham,15244 E. 1700th Avenue,62401.0,High,"{""community_pushback"": ""Unknown"", ""date_created"": ""01/01/2026"", ""date_updated"": ""01/01/2026"", ""info_source_1"": ""https://www.effinghamdailynews.com/news/environmentally-friendly-data-center-coming-to-effingham/article_7f38e269-f40d-49d8-b607-55f26c7d4bf3.html"", ""information_source"": ""Media Monitoring"", ""sizerank"": ""Unknown""}",gail technology,gail technology,False,site_00608
FracTracker:frac_row_264,FracTracker,,raw-data/data-center-locations/FracTracker/FracTracker_01_29_26.csv,frac_row_264,Aligned,,Proposed,42.03573,-87.9766,True,Point,50000.0,,,IL,Cook,Elk Grove Village,101 Northwest Point Blvd,60007.0,High,"{""community_pushback"": ""Unknown"", ""date_created"": ""06/19/2025"", ""date_updated"": ""06/19/2025"", ""info_source_1"": ""https://www.datacenterdynamics.com/en/news/aligned-stream-and-nexstar-planning-data-center-campuses-in-elk-grove-area-of-chicago/"", ""information_source"": ""Media Monitoring"", ""sizerank"": ""Unknown""}",aligned,,False,site_00609
FracTracker:frac_row_265,FracTracker,,raw-data/data-center-locations/FracTracker/FracTracker_01_29_26.csv,frac_row_265,Aligned,,Proposed,42.03674,-87.9827,True,Point,115000.0,,,IL,Cook,Elk Grove Village,141 Northwest Point Blvd,60007.0,High,"{""community_pushback"": ""Unknown"", ""date_created"": ""06/19/2025"", ""date_updated"": ""06/19/2025"", ""info_source_1"": ""https://www.datacenterdynamics.com/en/news/aligned-stream-and-nexstar-planning-data-center-campuses-in-elk-grove-area-of-chicago/"", ""information_source"": ""Media Monitoring"", ""sizerank"": ""Unknown""}",aligned,,False,site_00610
FracTracker:frac_row_266,FracTracker,,raw-data/data-center-locations/FracTracker/FracTracker_01_29_26.csv,frac_row_266,Aligned,,Proposed,42.03374,-87.9824,True,Point,177000.0,,,IL,Cook,Elk Grove Village,50 Northwest Point Blvd,60007.0,High,"{""community_pushback"": ""Unknown"", ""date_created"": ""06/19/2025"", ""date_updated"": ""06/19/2025"", ""info_source_1"": ""https://www.datacenterdynamics.com/en/news/aligned-stream-and-nexstar-planning-data-center-campuses-in-elk-grove-area-of-chicago/"", ""information_source"": ""Media Monitoring"", ""sizerank"": ""Unknown""}",aligned,,False,site_00611
FracTracker:frac_row_267,FracTracker,,raw-data/data-center-locations/FracTracker/FracTracker_01_29_26.csv,frac_row_267,Nexstar Media Group Data Center,,Proposed,42.01142,-88.0317,True,Point,700000.0,,,IL,Cook,Elk Grove Village,720 Rohlwing Rd,60007.0,High,"{""community_pushback"": ""Unknown"", ""date_created"": ""06/19/2025"", ""date_updated"": ""06/19/2025"", ""info_source_1"": ""https://www.datacenterdynamics.com/en/news/aligned-stream-and-nexstar-planning-data-center-campuses-in-elk-grove-area-of-chicago/"", ""information_source"": ""Media Monitoring"", ""sizerank"": ""Unknown""}",nexstar media group,,False,site_00612
FracTracker:frac_row_268,FracTracker,,raw-data/data-center-locations/FracTracker/FracTracker_01_29_26.csv,frac_row_268,Stream Data Center,,Proposed,42.01401,-87.95375,True,Point,,,,IL,Cook,Elk Grove Village,700 Roppolo Dr,60007.0,High,"{""community_pushback"": ""Unknown"", ""date_created"": ""06/19/2025"", ""date_updated"": ""06/19/2025"", ""info_source_1"": ""https://www.datacenterdynamics.com/en/news/aligned-stream-and-nexstar-planning-data-center-campuses-in-elk-grove-area-of-chicago/"", ""information_source"": ""Media Monitoring"", ""sizerank"": ""Unknown""}",stream,,False,site_00613
FracTracker:frac_row_269,FracTracker,,raw-data/data-center-locations/FracTracker/FracTracker_01_29_26.csv,frac_row_269,Stream Data Center: Chicago 1,,Operating,42.00269,-87.9518,True,Point,126689.0,,15,IL,Cook,Elk Grove Village,2080 Lunt Ave,60007.0,High,"{""community_pushback"": ""Unknown"", ""date_created"": ""06/19/2025"", ""date_updated"": ""03/11/2026"", ""info_source_1"": ""https://www.datacenterdynamics.com/en/news/aligned-stream-and-nexstar-planning-data-center-campuses-in-elk-grove-area-of-chicago/"", ""information_source"": ""Media Monitoring"", ""sizerank"": ""Medium (11-50 MW)""}",stream chicago 1,,True,site_00614
NAICS:naics_436,NAICS,,raw-data/data-center-locations/NAICS/NAICS_518210_05_07_26.csv,naics_436,STREAM DATA CENTERS,,Operating/inferred,42.002631,-87.951094,True,Point,,,,,,,,,,"{""naics"": ""518210"", ""registry_id"": ""110070684456"", ""valid"": true}",stream,,True,site_00614
PNNL:building_00863162825,PNNL,building,raw-data/data-center-locations/PNNL/PNNL_2026.02.09_building.geojson,building_00863162825,Stream Chicago I,Stream,Operating/inferred,42.00260065820328,-87.95113481547399,True,Polygon,120616.0,,,IL,Cook County,,,,,"{""county_id"": ""031"", ""osm_id"": ""00863162825"", ""ref"": """", ""sqft"": ""120616.0"", ""state"": ""Illinois""}",stream chicago i,stream,True,site_00614
FracTracker:frac_row_270,FracTracker,,raw-data/data-center-locations/FracTracker/FracTracker_01_29_26.csv,frac_row_270,Stream Data Center: Chicago 2,,Operating,41.99923,-87.9578,True,Point,226000.0,,32,IL,Cook,Elk Grove Village,1925 Busse Road,60007.0,High,"{""community_pushback"": ""Unknown"", ""date_created"": ""06/19/2025"", ""date_updated"": ""03/11/2026"", ""info_source_1"": ""https://www.datacenterdynamics.com/en/news/aligned-stream-and-nexstar-planning-data-center-campuses-in-elk-grove-area-of-chicago/"", ""information_source"": ""Media Monitoring"", ""sizerank"": ""Medium (11-50 MW)""}",stream chicago 2,,True,site_00616
PNNL:building_00863162820,PNNL,building,raw-data/data-center-locations/PNNL/PNNL_2026.02.09_building.geojson,building_00863162820,Stream Chicago II,Stream,Operating/inferred,41.99912438131275,-87.95776458161538,True,Polygon,215922.0,,,IL,Cook County,,,,,"{""county_id"": ""031"", ""osm_id"": ""00863162820"", ""ref"": ""Chicago II"", ""sqft"": ""215922.0"", ""state"": ""Illinois""}",stream chicago ii,stream,True,site_00616
FracTracker:frac_row_271,FracTracker,,raw-data/data-center-locations/FracTracker/FracTracker_01_29_26.csv,frac_row_271,T5 Data Center,,Approved/Permitted/Under construction,42.02308,-87.9757,True,Point,250000.0,,36,IL,Cook,Elk Grove Village,200 Innovation Dr,60007.0,High,"{""community_pushback"": ""Unknown"", ""date_created"": ""05/27/2025"", ""date_updated"": ""03/11/2026"", ""info_source_1"": ""https://www.datacenterdynamics.com/en/news/t5-data-center-in-illinois-topped-out/"", ""information_source"": ""Media Monitoring"", ""sizerank"": ""Medium (11-50 MW)""}",t5,,False,site_00617
NAICS:naics_444,NAICS,,raw-data/data-center-locations/NAICS/NAICS_518210_05_07_26.csv,naics_444,T5@CHICAGO II LP,,Operating/inferred,42.023051,-87.975507,True,Point,,,,,,,,,,"{""naics"": ""339999, 518210"", ""registry_id"": ""110070836892"", ""valid"": true}",t5 chicago ii,,True,site_00617
PNNL:building_01219083554,PNNL,building,raw-data/data-center-locations/PNNL/PNNL_2026.02.09_building.geojson,building_01219083554,T5 Chicago II,T5 Data Centers,Operating/inferred,42.02304233326569,-87.97555687597257,True,Polygon,163237.0,,,IL,Cook County,,,,,"{""county_id"": ""031"", ""osm_id"": ""01219083554"", ""ref"": ""Chicago II"", ""sqft"": ""163237.0"", ""state"": ""Illinois""}",t5 chicago ii,t5,True,site_00617
FracTracker:frac_row_272,FracTracker,,raw-data/data-center-locations/FracTracker/FracTracker_01_29_26.csv,frac_row_272,Western Hospitality Partners Data Center,,Cancelled,40.59457,-89.590225,True,Point,,,,IL,Tazewell,Groveland Twp,"Lutticken Farm,  between IL Hwy 98 and Sheridan Rd",61554.0,High,"{""community_pushback"": ""Unknown"", ""date_created"": ""01/26/2026"", ""date_updated"": ""03/13/2026"", ""info_source_1"": ""https://www.datacenterdynamics.com/en/news/western-hospitality-partners-eyes-320-acre-data-center-campus-outside-peoria-illinois/"", ""information_source"": ""Media Monitoring"", ""sizerank"": ""Unknown""}",western hospitality,,False,site_00618
FracTracker:frac_row_273,FracTracker,,raw-data/data-center-locations/FracTracker/FracTracker_01_29_26.csv,frac_row_273,Hut8 Data Center,Hut 8,Proposed,39.97475,-89.19171,True,Point,1000000.0,,500,IL,Logan,Latham/ Laenna Twp,Hwy 121,62548.0,Medium,"{""community_pushback"": ""Yes"", ""date_created"": ""02/03/2026"", ""date_updated"": ""02/03/2026"", ""info_source_1"": ""https://www.wandtv.com/news/logan-co-residents-question-risks-of-proposed-hut-8-data-center-in-latham/article_5c7e3cb4-111d-4dcd-9c21-a261825314e4.html"", ""information_source"": ""Media Monitoring"", ""sizerank"": ""Hyperscale (100-999 MW)""}",hut8,hut 8,False,site_00619
FracTracker:frac_row_274,FracTracker,,raw-data/data-center-locations/FracTracker/FracTracker_01_29_26.csv,frac_row_274,Cloud Centers Data Center,Cloud Centers,Proposed,41.801693,-88.06276,True,Point,256000.0,,50,IL,DuPage,Lisle,711 Ogden Avenue,60532.0,High,"{""community_pushback"": ""Yes"", ""date_created"": ""01/23/2026"", ""date_updated"": ""01/23/2026"", ""info_source_1"": ""https://www.datacenterdynamics.com/en/news/public-meeting-over-planned-data-center-project-in-lisle-illinois-postponed-due-to-large-number-of-attendees/"", ""information_source"": ""Media Monitoring"", ""sizerank"": ""Medium (11-50 MW)""}",cloud,cloud,False,site_00620
FracTracker:frac_row_275,FracTracker,,raw-data/data-center-locations/FracTracker/FracTracker_01_29_26.csv,frac_row_275,CyrusOne Data Center,,Approved/Permitted/Under construction,41.84915,-88.0291,True,Point,500000.0,,18,IL,DuPage,Lombard,1850 Springer Dr,60148.0,High,"{""community_pushback"": ""Unknown"", ""date_created"": ""05/27/2025"", ""date_updated"": ""03/24/2026"", ""info_source_1"": ""https://www.datacenterdynamics.com/en/news/t5-data-center-in-illinois-topped-out/"", ""information_source"": ""Media Monitoring"", ""sizerank"": ""Medium (11-50 MW)""}",cyrusone,,False,site_00621
FracTracker:frac_row_276,FracTracker,,raw-data/data-center-locations/FracTracker/FracTracker_01_29_26.csv,frac_row_276,Cielo Digital Infrastructure,,Proposed,41.45592,-88.2842,True,Point,,,500,IL,Grundy,Minooka,,60447.0,Low,"{""community_pushback"": ""Unknown"", ""date_created"": ""06/24/2025"", ""date_updated"": ""06/24/2025"", ""info_source_1"": ""https://www.datacenterdynamics.com/en/news/cielo-digital-infrastructure-plans-300mw-data-center-campus-in-south-carolina/"", ""information_source"": ""Media Monitoring"", ""sizerank"": ""Hyperscale (100-999 MW)""}",cielo digital infrastructure,,False,site_00622
FracTracker:frac_row_277,FracTracker,,raw-data/data-center-locations/FracTracker/FracTracker_01_29_26.csv,frac_row_277,Tract Morris Data Center,Tract Data Centers,Proposed,41.39786,-88.37636,True,Point,2900000.0,,"1,000",IL,Grundy,Morris,"Morris Technology Park, 7659-7471 County Rd 2000 E",60450.0,High,"{""community_pushback"": ""Unknown"", ""date_created"": ""01/19/2026"", ""date_updated"": ""04/22/2026"", ""info_source_1"": ""https://www.datacenterdynamics.com/en/news/tract-expands-into-illinois-with-plans-for-1gw-data-center-park-outside-chicago/"", ""information_source"": ""Media Monitoring"", ""sizerank"": ""Mega campus (>1,000 MW)""}",tract morris,tract,False,site_00623
FracTracker:frac_row_278,FracTracker,,raw-data/data-center-locations/FracTracker/FracTracker_01_29_26.csv,frac_row_278,Karis Critical Data Center,,Cancelled,41.81113,-88.1191,True,Point,145000.0,,36,IL,DuPage,Naperville,1960 Lucent Lane,60563.0,High,"{""community_pushback"": ""Yes"", ""date_created"": ""09/03/2025"", ""date_updated"": ""02/13/2026"", ""info_source_1"": ""https://www.dailyherald.com/20250901/news/backbone-of-the-digital-world-karis-details-plans-for-naperville-data-center-development/"", ""information_source"": ""Media Monitoring"", ""sizerank"": ""Medium (11-50 MW)""}",karis critical,,False,site_00624
FracTracker:frac_row_279,FracTracker,,raw-data/data-center-locations/FracTracker/FracTracker_01_29_26.csv,frac_row_279,Cielo Digital Infrastructure,,Proposed,41.51055,-87.969,True,Point,,,350,IL,Will,New Lenox,,60541.0,Low,"{""community_pushback"": ""Unknown"", ""date_created"": ""06/24/2025"", ""date_updated"": ""06/24/2025"", ""info_source_1"": ""https://www.datacenterdynamics.com/en/news/cielo-digital-infrastructure-plans-300mw-data-center-campus-in-south-carolina/"", ""information_source"": ""Media Monitoring"", ""sizerank"": ""Hyperscale (100-999 MW)""}",cielo digital infrastructure,,False,site_00625
FracTracker:frac_row_280,FracTracker,,raw-data/data-center-locations/FracTracker/FracTracker_01_29_26.csv,frac_row_280,ORD-01 Data Center,Aligned Data Centers,Operating,41.91402,-87.9177,True,Point,220000.0,,42,IL,Cook,Northlake,505 Northwest Ave,60164.0,High,"{""community_pushback"": ""Unknown"", ""date_created"": ""06/19/2025"", ""date_updated"": ""03/24/2026"", ""info_source_1"": ""https://www.datacenterdynamics.com/en/news/aligned-completes-first-chicago-data-center-breaks-ground-on-second/"", ""information_source"": ""Media Monitoring"", ""sizerank"": ""Medium (11-50 MW)""}",ord 01,aligned,True,site_00627
PNNL:building_01217649348,PNNL,building,raw-data/data-center-locations/PNNL/PNNL_2026.02.09_building.geojson,building_01217649348,Aligned Data Center - Chicago ORD-01,Aligned,Operating/inferred,41.91398308559336,-87.91746545885744,True,Polygon,194551.0,,,IL,Cook County,,,,,"{""county_id"": ""031"", ""osm_id"": ""01217649348"", ""ref"": ""ORD-01"", ""sqft"": ""194551.0"", ""state"": ""Illinois""}",aligned chicago ord 01,aligned,True,site_00627
FracTracker:frac_row_281,FracTracker,,raw-data/data-center-locations/FracTracker/FracTracker_01_29_26.csv,frac_row_281,ORD-02 Data Center,Aligned Data Centers,Approved/Permitted/Under construction,41.91273,-87.9172,True,Point,,,,IL,Cook,Northlake,501 Northwest Ave,60164.0,High,"{""community_pushback"": ""Unknown"", ""date_created"": ""06/19/2025"", ""date_updated"": ""03/24/2026"", ""info_source_1"": ""https://www.datacenterdynamics.com/en/news/aligned-completes-first-chicago-data-center-breaks-ground-on-second/"", ""information_source"": ""Media Monitoring"", ""sizerank"": ""Unknown""}",ord 02,aligned,False,site_00628
PNNL:building_01217649350,PNNL,building,raw-data/data-center-locations/PNNL/PNNL_2026.02.09_building.geojson,building_01217649350,Aligned Data Center - Chicago ORD-02,Aligned,Operating/inferred,41.91296223024628,-87.91749234723224,True,Polygon,111422.0,,,IL,Cook County,,,,,"{""county_id"": ""031"", ""osm_id"": ""01217649350"", ""ref"": ""ORD-02"", ""sqft"": ""111422.0"", ""state"": ""Illinois""}",aligned chicago ord 02,aligned,True,site_00628
FracTracker:frac_row_282,FracTracker,,raw-data/data-center-locations/FracTracker/FracTracker_01_29_26.csv,frac_row_282,Troy Cloverleaf Data Center,Cloverleaf,Proposed,38.725338,-89.909645,True,Point,1584000.0,,500,IL,Madison,Troy,between Collinsville and Formosa Rds,62294.0,High,"{""community_pushback"": ""Yes"", ""date_created"": ""02/06/2026"", ""date_updated"": ""02/27/2026"", ""info_source_1"": ""https://www.datacenterdynamics.com/en/news/cloverleaf-infrastructure-proposes-data-center-campus-near-st-louis-missouri/"", ""information_source"": ""Media Monitoring"", ""sizerank"": ""Hyperscale (100-999 MW)""}",troy cloverleaf,cloverleaf,False,site_00629
FracTracker:frac_row_283,FracTracker,,raw-data/data-center-locations/FracTracker/FracTracker_01_29_26.csv,frac_row_283,CyrusOne,,Approved/Permitted/Under construction,39.54828,-89.89837,True,Point,250000.0,,632,IL,Sangamon,Waverly/ Talkington Twp,13251-13627 Thayer Rd,62692.0,High,"{""community_pushback"": ""Yes"", ""date_created"": ""02/03/2026"", ""date_updated"": ""05/05/2026"", ""info_source_1"": ""https://www.illinoistimes.com/news/first-data-center-in-sangamon-county/"", ""information_source"": ""Media Monitoring"", ""sizerank"": ""Hyperscale (100-999 MW)""}",cyrusone,,False,site_00630
FracTracker:frac_row_284,FracTracker,,raw-data/data-center-locations/FracTracker/FracTracker_01_29_26.csv,frac_row_284,CyrusOne Data Center,,Approved/Permitted/Under construction,41.6759,-88.4834,True,Point,,,,IL,Kendall,Yorkville,~11709 Faxon Rd,60545.0,High,"{""community_pushback"": ""Unknown"", ""date_created"": ""09/23/2025"", ""date_updated"": ""09/23/2025"", ""info_source_1"": ""https://www.wspynews.com/news/local/cyrusone-proposes-second-yorkville-data-center-campus/article_2bc2768f-42c9-469f-80cf-f057a490fa1b.html"", ""information_source"": ""Media Monitoring"", ""sizerank"": ""Unknown""}",cyrusone,,False,site_00631
FracTracker:frac_row_285,FracTracker,,raw-data/data-center-locations/FracTracker/FracTracker_01_29_26.csv,frac_row_285,CyrusOne Data Center,,Proposed,41.68361,-88.4681,True,Point,740000.0,,,IL,Kendall,Yorkville,Off Faxon and Beecher Rds,60560.0,High,"{""community_pushback"": ""Unknown"", ""date_created"": ""09/23/2025"", ""date_updated"": ""09/23/2025"", ""info_source_1"": ""https://www.shawlocal.com/kendall-county-now/2025/09/19/new-data-center-proposal-in-yorkville-more-than-4-times-the-size-of-niu-football-complex/"", ""information_source"": ""Media Monitoring"", ""sizerank"": ""Unknown""}",cyrusone,,False,site_00632
NAICS:naics_300,NAICS,,raw-data/data-center-locations/NAICS/NAICS_518210_05_07_26.csv,naics_300,QUALITY TECHNOLOGY SERVICES LLC,,Operating/inferred,41.84339,-87.66583,True,Point,,,,,,,,,,"{""naics"": ""518210"", ""registry_id"": ""110064847019"", ""valid"": true}",quality technology services,,True,site_01560
PNNL:building_00209786637,PNNL,building,raw-data/data-center-locations/PNNL/PNNL_2026.02.09_building.geojson,building_00209786637,QTS Chicago,Quality Technology Services,Operating/inferred,41.84218652884067,-87.66900814712955,True,Polygon,267112.0,,,IL,Cook County,,,,,"{""county_id"": ""031"", ""osm_id"": ""00209786637"", ""ref"": """", ""sqft"": ""267112.0"", ""state"": ""Illinois""}",qts chicago,quality technology services,True,site_01560
NAICS:naics_86,NAICS,,raw-data/data-center-locations/NAICS/NAICS_518210_05_07_26.csv,naics_86,CHICAGO ENTERPRISE LLC,,Operating/inferred,41.976326,-87.964294,True,Point,,,,,,,,,,"{""naics"": ""518210"", ""registry_id"": ""110028286708"", ""valid"": true}",chicago enterprise,,True,site_01834
PNNL:building_00384690290,PNNL,building,raw-data/data-center-locations/PNNL/PNNL_2026.02.09_building.geojson,building_00384690290,Element Critical CH1,Element Critical,Operating/inferred,41.97576175006559,-87.96468543810447,True,Polygon,92076.0,,,IL,DuPage County,,,,,"{""county_id"": ""043"", ""osm_id"": ""00384690290"", ""ref"": ""CH1"", ""sqft"": ""92076.0"", ""state"": ""Illinois""}",element critical ch1,element critical,True,site_01834
NAICS:naics_94,NAICS,,raw-data/data-center-locations/NAICS/NAICS_518210_05_07_26.csv,naics_94,EQUINIX LLC,,Operating/inferred,42.001236,-87.955085,True,Point,,,,,,,,,,"{""naics"": ""518210"", ""registry_id"": ""110030735177"", ""valid"": true}",equinix,,True,site_01842
PNNL:building_00377032061,PNNL,building,raw-data/data-center-locations/PNNL/PNNL_2026.02.09_building.geojson,building_00377032061,Equinix Chicago CH3,Equinix,Operating/inferred,42.001158707879654,-87.95521312428228,True,Polygon,135800.0,,,IL,Cook County,,,,,"{""county_id"": ""031"", ""osm_id"": ""00377032061"", ""ref"": ""CH3"", ""sqft"": ""135800.0"", ""state"": ""Illinois""}",equinix chicago ch3,equinix,True,site_01842
PNNL:building_00128499684,PNNL,building,raw-data/data-center-locations/PNNL/PNNL_2026.02.09_building.geojson,building_00128499684,Digital Realty CH1,Digital Realty,Operating/inferred,41.9942374288397,-87.96217216116061,True,Polygon,469756.0,,,IL,Cook County,,,,,"{""county_id"": ""031"", ""osm_id"": ""00128499684"", ""ref"": ""CH1"", ""sqft"": ""469756.0"", ""state"": ""Illinois""}",digital ch1,digital,True,site_01881
PNNL:building_00138260136,PNNL,building,raw-data/data-center-locations/PNNL/PNNL_2026.02.09_building.geojson,building_00138260136,NCSA Petascale Computing Facility,,Operating/inferred,40.09525910728646,-88.24203140069088,True,Polygon,45620.0,,,IL,Champaign County,,,,,"{""county_id"": ""019"", ""osm_id"": ""00138260136"", ""ref"": """", ""sqft"": ""45620.0"", ""state"": ""Illinois""}",ncsa petascale computing,,True,site_01885
PNNL:building_00149379943,PNNL,building,raw-data/data-center-locations/PNNL/PNNL_2026.02.09_building.geojson,building_00149379943,Digital Realty ORD11,Digital Realty,Operating/inferred,41.87429345515449,-87.6299544230129,True,Polygon,9092.0,,,IL,Cook County,,,,,"{""county_id"": ""031"", ""osm_id"": ""00149379943"", ""ref"": ""ORD11"", ""sqft"": ""9092.0"", ""state"": ""Illinois""}",digital ord11,digital,True,site_01887
PNNL:building_00152449872,PNNL,building,raw-data/data-center-locations/PNNL/PNNL_2026.02.09_building.geojson,building_00152449872,Serverfarm CH1,Serverfarm,Operating/inferred,41.87094383200688,-87.64014138667577,True,Polygon,56419.0,,,IL,Cook County,,,,,"{""county_id"": ""031"", ""osm_id"": ""00152449872"", ""ref"": ""CH1"", ""sqft"": ""56419.0"", ""state"": ""Illinois""}",serverfarm ch1,serverfarm,True,site_01891
PNNL:building_00156520409,PNNL,building,raw-data/data-center-locations/PNNL/PNNL_2026.02.09_building.geojson,building_00156520409,Lakeside Technology Center,,Operating/inferred,41.85365260504632,-87.6183592533761,True,Polygon,129156.0,,,IL,Cook County,,,,,"{""county_id"": ""031"", ""osm_id"": ""00156520409"", ""ref"": """", ""sqft"": ""129156.0"", ""state"": ""Illinois""}",lakeside technology,,True,site_01893
PNNL:building_00174242795,PNNL,building,raw-data/data-center-locations/PNNL/PNNL_2026.02.09_building.geojson,building_00174242795,EdgeConneX CHI01,EdgeConneX,Operating/inferred,42.00077520139855,-87.9507686963863,True,Polygon,120191.0,,,IL,Cook County,,,,,"{""county_id"": ""031"", ""osm_id"": ""00174242795"", ""ref"": ""CHI01"", ""sqft"": ""120191.0"", ""state"": ""Illinois""}",edgeconnex chi01,edgeconnex,True,site_01897
PNNL:building_00199252950,PNNL,building,raw-data/data-center-locations/PNNL/PNNL_2026.02.09_building.geojson,building_00199252950,CyrusOne Chicago Aurora CME,CyrusOne,Operating/inferred,41.796710709040994,-88.24360276085451,True,Polygon,483103.0,,,IL,DuPage County,,,,,"{""county_id"": ""043"", ""osm_id"": ""00199252950"", ""ref"": """", ""sqft"": ""483103.0"", ""state"": ""Illinois""}",cyrusone chicago aurora cme,cyrusone,True,site_01911
PNNL:building_00210222970,PNNL,building,raw-data/data-center-locations/PNNL/PNNL_2026.02.09_building.geojson,building_00210222970,Iron Mountain Data & Record Storage,Iron Mountain,Operating/inferred,41.84879669155961,-87.64550983406528,True,Polygon,106033.0,,,IL,Cook County,,,,,"{""county_id"": ""031"", ""osm_id"": ""00210222970"", ""ref"": """", ""sqft"": ""106033.0"", ""state"": ""Illinois""}",iron mountain record storage,iron mountain,True,site_01928
PNNL:building_00243242167,PNNL,building,raw-data/data-center-locations/PNNL/PNNL_2026.02.09_building.geojson,building_00243242167,Equinix Chicago Data CH7,Equinix,Operating/inferred,41.812557111453394,-87.9728434935898,True,Polygon,47336.0,,,IL,DuPage County,,,,,"{""county_id"": ""043"", ""osm_id"": ""00243242167"", ""ref"": """", ""sqft"": ""47336.0"", ""state"": ""Illinois""}",equinix chicago ch7,equinix,True,site_01940
PNNL:building_00317466755,PNNL,building,raw-data/data-center-locations/PNNL/PNNL_2026.02.09_building.geojson,building_00317466755,VISA,VISA,Operating/inferred,42.216756536018735,-87.95284650862307,True,Polygon,55001.0,,,IL,Lake County,,,,,"{""county_id"": ""097"", ""osm_id"": ""00317466755"", ""ref"": """", ""sqft"": ""55001.0"", ""state"": ""Illinois""}",visa,visa,True,site_01977
PNNL:building_00343593591,PNNL,building,raw-data/data-center-locations/PNNL/PNNL_2026.02.09_building.geojson,building_00343593591,,,Operating/inferred,41.90535458903981,-88.21951394141162,True,Polygon,14550.0,,,IL,DuPage County,,,,,"{""county_id"": ""043"", ""osm_id"": ""00343593591"", ""ref"": """", ""sqft"": ""14550.0"", ""state"": ""Illinois""}",,,True,site_01991
PNNL:building_00377032058,PNNL,building,raw-data/data-center-locations/PNNL/PNNL_2026.02.09_building.geojson,building_00377032058,EdgeConneX CHI02,EdgeConneX,Operating/inferred,42.001494373393264,-87.95256335815348,True,Polygon,64358.0,,,IL,Cook County,,,,,"{""county_id"": ""031"", ""osm_id"": ""00377032058"", ""ref"": ""CHI02"", ""sqft"": ""64358.0"", ""state"": ""Illinois""}",edgeconnex chi02,edgeconnex,True,site_02007
PNNL:building_00377212693,PNNL,building,raw-data/data-center-locations/PNNL/PNNL_2026.02.09_building.geojson,building_00377212693,Element Critical CH2,Element Critical,Operating/inferred,41.97422731222964,-87.9671757623118,True,Polygon,44358.0,,,IL,DuPage County,,,,,"{""county_id"": ""043"", ""osm_id"": ""00377212693"", ""ref"": ""CH2"", ""sqft"": ""44358.0"", ""state"": ""Illinois""}",element critical ch2,element critical,True,site_02008
PNNL:building_00377345296,PNNL,building,raw-data/data-center-locations/PNNL/PNNL_2026.02.09_building.geojson,building_00377345296,Centersquare Elk Grove Village Data Center Campus ORD2,Centersquare,Operating/inferred,41.99204041535667,-87.95817200961845,True,Polygon,198323.0,,,IL,DuPage County,,,,,"{""county_id"": ""043"", ""osm_id"": ""00377345296"", ""ref"": ""ORD2"", ""sqft"": ""198323.0"", ""state"": ""Illinois""}",centersquare elk grove village campus ord2,centersquare,True,site_02009
PNNL:building_00383545769,PNNL,building,raw-data/data-center-locations/PNNL/PNNL_2026.02.09_building.geojson,building_00383545769,Skybox Chicago I,Skybox,Operating/inferred,41.99366849754896,-87.9735185179455,True,Polygon,174575.0,,,IL,Cook County,,,,,"{""county_id"": ""031"", ""osm_id"": ""00383545769"", ""ref"": ""Chicago I"", ""sqft"": ""174575.0"", ""state"": ""Illinois""}",skybox chicago i,skybox,True,site_02019
PNNL:building_00409296605,PNNL,building,raw-data/data-center-locations/PNNL/PNNL_2026.02.09_building.geojson,building_00409296605,Digital Realty Chicago ORD12,Digital Realty,Operating/inferred,41.92837828612005,-87.85923594325138,True,Polygon,90165.0,,,IL,Cook County,,,,,"{""county_id"": ""031"", ""osm_id"": ""00409296605"", ""ref"": ""ORD12"", ""sqft"": ""90165.0"", ""state"": ""Illinois""}",digital chicago ord12,digital,True,site_02031
PNNL:building_00530024353,PNNL,building,raw-data/data-center-locations/PNNL/PNNL_2026.02.09_building.geojson,building_00530024353,Centersquare Lisle ORD4 Data Center,Centersquare,Operating/inferred,41.80234062646393,-88.09488558888414,True,Polygon,361205.0,,,IL,DuPage County,,,,,"{""county_id"": ""043"", ""osm_id"": ""00530024353"", ""ref"": ""ORD4"", ""sqft"": ""361205.0"", ""state"": ""Illinois""}",centersquare lisle ord4,centersquare,True,site_02109
PNNL:building_00578443547,PNNL,building,raw-data/data-center-locations/PNNL/PNNL_2026.02.09_building.geojson,building_00578443547,Microsoft - Azure Datacenter,Microsoft,Operating/inferred,41.923005619536646,-87.91824122484651,True,Polygon,306766.0,,,IL,Cook County,,,,,"{""county_id"": ""031"", ""osm_id"": ""00578443547"", ""ref"": """", ""sqft"": ""306766.0"", ""state"": ""Illinois""}",microsoft azure,microsoft,True,site_02132
PNNL:building_00713428715,PNNL,building,raw-data/data-center-locations/PNNL/PNNL_2026.02.09_building.geojson,building_00713428715,Digital Realty CH3,Digital Realty,Operating/inferred,41.99439647260606,-87.96490377244766,True,Polygon,348220.0,,,IL,Cook County,,,,,"{""county_id"": ""031"", ""osm_id"": ""00713428715"", ""ref"": ""CH3"", ""sqft"": ""348220.0"", ""state"": ""Illinois""}",digital ch3,digital,True,site_02186
PNNL:building_00713433204,PNNL,building,raw-data/data-center-locations/PNNL/PNNL_2026.02.09_building.geojson,building_00713433204,Digital Realty CH2,Digital Realty,Operating/inferred,41.994463823169475,-87.95773561339534,True,Polygon,302974.0,,,IL,Cook County,,,,,"{""county_id"": ""031"", ""osm_id"": ""00713433204"", ""ref"": ""CH2"", ""sqft"": ""302974.0"", ""state"": ""Illinois""}",digital ch2,digital,True,site_02187
PNNL:building_00841813139,PNNL,building,raw-data/data-center-locations/PNNL/PNNL_2026.02.09_building.geojson,building_00841813139,CoreSite Chicago Data Center (CH2),CoreSite,Operating/inferred,41.86279831305618,-87.64130393635244,True,Polygon,61773.0,,,IL,Cook County,,,,,"{""county_id"": ""031"", ""osm_id"": ""00841813139"", ""ref"": """", ""sqft"": ""61773.0"", ""state"": ""Illinois""}",coresite chicago ch2,coresite,True,site_02244
PNNL:building_00863162822,PNNL,building,raw-data/data-center-locations/PNNL/PNNL_2026.02.09_building.geojson,building_00863162822,STACK Chicago CHI01,Stack Infrastructure,Operating/inferred,42.006843875852,-87.96519018575371,True,Polygon,298471.0,,,IL,Cook County,,,,,"{""county_id"": ""031"", ""osm_id"": ""00863162822"", ""ref"": ""CHI01"", ""sqft"": ""298471.0"", ""state"": ""Illinois""}",stack chicago chi01,stack infrastructure,True,site_02253
PNNL:building_01133944585,PNNL,building,raw-data/data-center-locations/PNNL/PNNL_2026.02.09_building.geojson,building_01133944585,,,Operating/inferred,38.81056014127996,-89.94870327621621,True,Polygon,204.0,,,IL,Madison County,,,,,"{""county_id"": ""119"", ""osm_id"": ""01133944585"", ""ref"": """", ""sqft"": ""204.0"", ""state"": ""Illinois""}",,,True,site_02364
PNNL:building_01154349280,PNNL,building,raw-data/data-center-locations/PNNL/PNNL_2026.02.09_building.geojson,building_01154349280,Datacenter (386),UChicago Argonne LLC,Operating/inferred,41.707134165979966,-87.97595597595401,True,Polygon,12413.0,,,IL,DuPage County,,,,,"{""county_id"": ""043"", ""osm_id"": ""01154349280"", ""ref"": ""386"", ""sqft"": ""12413.0"", ""state"": ""Illinois""}",386,uchicago argonne,True,site_02371
PNNL:building_01154636644,PNNL,building,raw-data/data-center-locations/PNNL/PNNL_2026.02.09_building.geojson,building_01154636644,NTT Chicago CH1,NTT,Operating/inferred,41.98791937605658,-88.00726495418601,True,Polygon,113535.0,,,IL,DuPage County,,,,,"{""county_id"": ""043"", ""osm_id"": ""01154636644"", ""ref"": ""CH1"", ""sqft"": ""113535.0"", ""state"": ""Illinois""}",ntt chicago ch1,ntt,True,site_02375
PNNL:building_01219083552,PNNL,building,raw-data/data-center-locations/PNNL/PNNL_2026.02.09_building.geojson,building_01219083552,,,Operating/inferred,42.02314332706365,-87.97218622171744,True,Polygon,110471.0,,,IL,Cook County,,,,,"{""county_id"": ""031"", ""osm_id"": ""01219083552"", ""ref"": """", ""sqft"": ""110471.0"", ""state"": ""Illinois""}",,,True,site_02399
PNNL:building_01271571726,PNNL,building,raw-data/data-center-locations/PNNL/PNNL_2026.02.09_building.geojson,building_01271571726,NTT Chicago CH2,NTT,Operating/inferred,41.98896681192547,-88.00725702699874,True,Polygon,115555.0,,,IL,DuPage County,,,,,"{""county_id"": ""043"", ""osm_id"": ""01271571726"", ""ref"": ""CH2"", ""sqft"": ""115555.0"", ""state"": ""Illinois""}",ntt chicago ch2,ntt,True,site_02435
PNNL:building_01312792611,PNNL,building,raw-data/data-center-locations/PNNL/PNNL_2026.02.09_building.geojson,building_01312792611,,Meta,Operating/inferred,41.88853040860736,-88.72185807435966,True,Polygon,568454.0,,,IL,DeKalb County,,,,,"{""county_id"": ""037"", ""osm_id"": ""01312792611"", ""ref"": """", ""sqft"": ""568454.0"", ""state"": ""Illinois""}",,meta,True,site_02465
PNNL:building_01312792612,PNNL,building,raw-data/data-center-locations/PNNL/PNNL_2026.02.09_building.geojson,building_01312792612,,Meta,Operating/inferred,41.88928381978822,-88.73105377072714,True,Polygon,568442.0,,,IL,DeKalb County,,,,,"{""county_id"": ""037"", ""osm_id"": ""01312792612"", ""ref"": """", ""sqft"": ""568442.0"", ""state"": ""Illinois""}",,meta,True,site_02466
PNNL:building_01312792613,PNNL,building,raw-data/data-center-locations/PNNL/PNNL_2026.02.09_building.geojson,building_01312792613,,Meta,Operating/inferred,41.89027497092366,-88.72635519613044,True,Polygon,320184.0,,,IL,DeKalb County,,,,,"{""county_id"": ""037"", ""osm_id"": ""01312792613"", ""ref"": """", ""sqft"": ""320184.0"", ""state"": ""Illinois""}",,meta,True,site_02467
PNNL:building_01426146790,PNNL,building,raw-data/data-center-locations/PNNL/PNNL_2026.02.09_building.geojson,building_01426146790,,,Operating/inferred,41.795384289880126,-88.2469228118375,True,Polygon,169253.0,,,IL,DuPage County,,,,,"{""county_id"": ""043"", ""osm_id"": ""01426146790"", ""ref"": """", ""sqft"": ""169253.0"", ""state"": ""Illinois""}",,,True,site_02530
PNNL:building_01446350367,PNNL,building,raw-data/data-center-locations/PNNL/PNNL_2026.02.09_building.geojson,building_01446350367,NTT Chicago CH3,NTT,Operating/inferred,41.98691359199497,-88.00800375413563,True,Polygon,83897.0,,,IL,DuPage County,,,,,"{""county_id"": ""043"", ""osm_id"": ""01446350367"", ""ref"": ""CH3"", ""sqft"": ""83897.0"", ""state"": ""Illinois""}",ntt chicago ch3,ntt,True,site_02554
PNNL:building_01446350370,PNNL,building,raw-data/data-center-locations/PNNL/PNNL_2026.02.09_building.geojson,building_01446350370,NTT Chicago CH4,NTT,Operating/inferred,41.98909513231781,-88.00476482597362,True,Polygon,101346.0,,,IL,DuPage County,,,,,"{""county_id"": ""043"", ""osm_id"": ""01446350370"", ""ref"": ""CH4"", ""sqft"": ""101346.0"", ""state"": ""Illinois""}",ntt chicago ch4,ntt,True,site_02555
PNNL:campus_00998245264,PNNL,campus,raw-data/data-center-locations/PNNL/PNNL_2026.02.09_campus.geojson,campus_00998245264,Microsoft Data Center - Hoffman Estates,,Operating/inferred,42.07695198404611,-88.13389076420349,True,MultiPolygon,,2105271.0,,IL,Cook County,,,,,"{""county_id"": ""031"", ""osm_id"": ""00998245264"", ""ref"": """", ""sqft"": ""2105271.0"", ""state"": ""Illinois""}",microsoft hoffman estates,,True,site_02613
PNNL:campus_01019770124,PNNL,campus,raw-data/data-center-locations/PNNL/PNNL_2026.02.09_campus.geojson,campus_01019770124,DeKalb Meta Data Center,Meta Platforms,Operating/inferred,41.889040347505414,-88.72856898056978,True,MultiPolygon,,12793294.0,,IL,DeKalb County,,,,,"{""county_id"": ""037"", ""osm_id"": ""01019770124"", ""ref"": """", ""sqft"": ""12793294.0"", ""state"": ""Illinois""}",dekalb meta,meta platforms,True,site_02615
PNNL:point_10537283366,PNNL,point,raw-data/data-center-locations/PNNL/PNNL_2026.02.09_point.geojson,point_10537283366,Netrality,Netrality,Operating/inferred,41.8728811,-87.63344,True,Point,,,,IL,Cook County,,,,,"{""county_id"": ""031"", ""osm_id"": ""10537283366"", ""ref"": """", ""sqft"": """", ""state"": ""Illinois""}",netrality,netrality,True,site_02678
PNNL:point_10910879064,PNNL,point,raw-data/data-center-locations/PNNL/PNNL_2026.02.09_point.geojson,point_10910879064,Digital Realty ORD10,Digital Realty,Operating/inferred,41.8533507,-87.6183067,True,Point,,,,IL,Cook County,,,,,"{""county_id"": ""031"", ""osm_id"": ""10910879064"", ""ref"": ""ORD10"", ""sqft"": """", ""state"": ""Illinois""}",digital ord10,digital,True,site_02685
PNNL:point_10910879065,PNNL,point,raw-data/data-center-locations/PNNL/PNNL_2026.02.09_point.geojson,point_10910879065,Centersquare Chicago Data Center - ORD1,Centersquare,Operating/inferred,41.8533827,-87.6186071,True,Point,,,,IL,Cook County,,,,,"{""county_id"": ""031"", ""osm_id"": ""10910879065"", ""ref"": ""ORD1"", ""sqft"": """", ""state"": ""Illinois""}",centersquare chicago ord1,centersquare,True,site_02686
PNNL:point_10945121336,PNNL,point,raw-data/data-center-locations/PNNL/PNNL_2026.02.09_point.geojson,point_10945121336,West Monroe,,Operating/inferred,41.8805271,-87.6359383,True,Point,,,,IL,Cook County,,,,,"{""county_id"": ""031"", ""osm_id"": ""10945121336"", ""ref"": """", ""sqft"": """", ""state"": ""Illinois""}",west monroe,,True,site_02688
PNNL:point_11098469355,PNNL,point,raw-data/data-center-locations/PNNL/PNNL_2026.02.09_point.geojson,point_11098469355,CoreSite Chicago Data Center (CH1),CoreSite,Operating/inferred,41.8759405,-87.6314655,True,Point,,,,IL,Cook County,,,,,"{""county_id"": ""031"", ""osm_id"": ""11098469355"", ""ref"": ""CH1"", ""sqft"": """", ""state"": ""Illinois""}",coresite chicago ch1,coresite,True,site_02690
PNNL:point_12695496267,PNNL,point,raw-data/data-center-locations/PNNL/PNNL_2026.02.09_point.geojson,point_12695496267,Equinix Chicago Data Center - CH1,Equinix,Operating/inferred,41.8535578,-87.6180475,True,Point,,,,IL,Cook County,,,,,"{""county_id"": ""031"", ""osm_id"": ""12695496267"", ""ref"": ""CH1"", ""sqft"": """", ""state"": ""Illinois""}",equinix chicago ch1,equinix,True,site_02716
