site_id,year,class_name,probability_median_composite_mean,argmax_area_m2,argmax_area_pct,scene_count,dataset,scale_m
edged_chicago,2016,water,0.050898839070293106,0.0,0.0,15,GOOGLE/DYNAMICWORLD/V1,10
edged_chicago,2016,trees,0.08257546569511509,19422.985310992073,7.36730103510314,15,GOOGLE/DYNAMICWORLD/V1,10
edged_chicago,2016,grass,0.09136379722618433,221.69433620677273,0.08409051886006066,15,GOOGLE/DYNAMICWORLD/V1,10
edged_chicago,2016,flooded_vegetation,0.037053820294520375,0.0,0.0,15,GOOGLE/DYNAMICWORLD/V1,10
edged_chicago,2016,crops,0.437018312641755,233466.25265338385,88.55570538178368,15,GOOGLE/DYNAMICWORLD/V1,10
edged_chicago,2016,shrub_and_scrub,0.09659537829290316,8640.42610168457,3.277386001350043,15,GOOGLE/DYNAMICWORLD/V1,10
edged_chicago,2016,built,0.05073184286952599,1886.3729520909926,0.7155170629030708,15,GOOGLE/DYNAMICWORLD/V1,10
edged_chicago,2016,bare,0.06374804097454624,0.0,0.0,15,GOOGLE/DYNAMICWORLD/V1,10
edged_chicago,2016,snow_and_ice,0.03773910166875459,0.0,0.0,15,GOOGLE/DYNAMICWORLD/V1,10
edged_chicago,2017,water,0.04441015384489498,0.0,0.0,26,GOOGLE/DYNAMICWORLD/V1,10
edged_chicago,2017,trees,0.11373364155166694,15698.72042771881,5.954656166653928,26,GOOGLE/DYNAMICWORLD/V1,10
edged_chicago,2017,grass,0.12065805136661625,302.6051654890472,0.1147806741980769,26,GOOGLE/DYNAMICWORLD/V1,10
edged_chicago,2017,flooded_vegetation,0.042944172579285914,0.0,0.0,26,GOOGLE/DYNAMICWORLD/V1,10
edged_chicago,2017,crops,0.3765875188877854,243599.61393441606,92.39937420300103,26,GOOGLE/DYNAMICWORLD/V1,10
edged_chicago,2017,shrub_and_scrub,0.07791737908755222,0.0,0.0,26,GOOGLE/DYNAMICWORLD/V1,10
edged_chicago,2017,built,0.052182682460417275,4036.7918267343543,1.5311889561469711,26,GOOGLE/DYNAMICWORLD/V1,10
edged_chicago,2017,bare,0.044275698722158,0.0,0.0,26,GOOGLE/DYNAMICWORLD/V1,10
edged_chicago,2017,snow_and_ice,0.0358351619173412,0.0,0.0,26,GOOGLE/DYNAMICWORLD/V1,10
edged_chicago,2018,water,0.04713629439402623,0.0,0.0,51,GOOGLE/DYNAMICWORLD/V1,10
edged_chicago,2018,trees,0.04962884927481038,11626.552539122333,4.410048773896845,51,GOOGLE/DYNAMICWORLD/V1,10
edged_chicago,2018,grass,0.08392918882629498,0.0,0.0,51,GOOGLE/DYNAMICWORLD/V1,10
edged_chicago,2018,flooded_vegetation,0.05757772847914492,223.46179962158203,0.08476093253936581,51,GOOGLE/DYNAMICWORLD/V1,10
edged_chicago,2018,crops,0.40672127806225766,247766.66713550052,93.97997238964054,51,GOOGLE/DYNAMICWORLD/V1,10
edged_chicago,2018,shrub_and_scrub,0.09390067067379869,372.4385070800781,0.14126904565852133,51,GOOGLE/DYNAMICWORLD/V1,10
edged_chicago,2018,built,0.05191338113977151,3498.467772390327,1.3269981327854776,51,GOOGLE/DYNAMICWORLD/V1,10
edged_chicago,2018,bare,0.08233756844040946,150.14360064338234,0.05695072547926487,51,GOOGLE/DYNAMICWORLD/V1,10
edged_chicago,2018,snow_and_ice,0.04593175052643597,0.0,0.0,51,GOOGLE/DYNAMICWORLD/V1,10
edged_chicago,2019,water,0.05203283690787754,0.0,0.0,52,GOOGLE/DYNAMICWORLD/V1,10
edged_chicago,2019,trees,0.06591019229174058,13062.578009960695,4.9547452645930825,52,GOOGLE/DYNAMICWORLD/V1,10
edged_chicago,2019,grass,0.1639899004531428,42390.10646487968,16.07892248469651,52,GOOGLE/DYNAMICWORLD/V1,10
edged_chicago,2019,flooded_vegetation,0.058860269487277496,0.0,0.0,52,GOOGLE/DYNAMICWORLD/V1,10
edged_chicago,2019,crops,0.2065534768381583,159047.05906563558,60.32788184323236,52,GOOGLE/DYNAMICWORLD/V1,10
edged_chicago,2019,shrub_and_scrub,0.13851068780903092,44168.52657135608,16.75349212893533,52,GOOGLE/DYNAMICWORLD/V1,10
edged_chicago,2019,built,0.048942815764799294,4935.284677991681,1.8719948213171784,52,GOOGLE/DYNAMICWORLD/V1,10
edged_chicago,2019,bare,0.07088820269556939,34.176564534505204,0.012963457225539592,52,GOOGLE/DYNAMICWORLD/V1,10
edged_chicago,2019,snow_and_ice,0.043561663368928506,0.0,0.0,52,GOOGLE/DYNAMICWORLD/V1,10
edged_chicago,2020,water,0.04729698730240994,0.0,0.0,64,GOOGLE/DYNAMICWORLD/V1,10
edged_chicago,2020,trees,0.05848391481053438,14593.361445527913,5.5353842450998885,64,GOOGLE/DYNAMICWORLD/V1,10
edged_chicago,2020,grass,0.10661218831291601,4840.2351738724055,1.8359417481735933,64,GOOGLE/DYNAMICWORLD/V1,10
edged_chicago,2020,flooded_vegetation,0.03985913665817164,0.0,0.0,64,GOOGLE/DYNAMICWORLD/V1,10
edged_chicago,2020,crops,0.3242726599750687,238380.29319266533,90.41964212332563,64,GOOGLE/DYNAMICWORLD/V1,10
edged_chicago,2020,shrub_and_scrub,0.09825286078069188,74.48726654052734,0.028253644179788606,64,GOOGLE/DYNAMICWORLD/V1,10
edged_chicago,2020,built,0.05284193478088658,5749.35427575205,2.180778239221109,64,GOOGLE/DYNAMICWORLD/V1,10
edged_chicago,2020,bare,0.07742975162022206,0.0,0.0,64,GOOGLE/DYNAMICWORLD/V1,10
edged_chicago,2020,snow_and_ice,0.046220180085696165,0.0,0.0,64,GOOGLE/DYNAMICWORLD/V1,10
edged_chicago,2021,water,0.043161642722877536,0.0,0.0,46,GOOGLE/DYNAMICWORLD/V1,10
edged_chicago,2021,trees,0.07613105245855849,32784.63457620659,12.435486532138457,46,GOOGLE/DYNAMICWORLD/V1,10
edged_chicago,2021,grass,0.09229195254688566,0.0,0.0,46,GOOGLE/DYNAMICWORLD/V1,10
edged_chicago,2021,flooded_vegetation,0.038909861590645356,0.0,0.0,46,GOOGLE/DYNAMICWORLD/V1,10
edged_chicago,2021,crops,0.3505179169410689,227908.46330832696,86.4475893255176,46,GOOGLE/DYNAMICWORLD/V1,10
edged_chicago,2021,shrub_and_scrub,0.07771739993540057,0.0,0.0,46,GOOGLE/DYNAMICWORLD/V1,10
edged_chicago,2021,built,0.04913107872595984,2944.633469824696,1.1169241423439435,46,GOOGLE/DYNAMICWORLD/V1,10
edged_chicago,2021,bare,0.06775097717022852,0.0,0.0,46,GOOGLE/DYNAMICWORLD/V1,10
edged_chicago,2021,snow_and_ice,0.04429769387981774,0.0,0.0,46,GOOGLE/DYNAMICWORLD/V1,10
edged_chicago,2022,water,0.046460468139417385,0.0,0.0,47,GOOGLE/DYNAMICWORLD/V1,10
edged_chicago,2022,trees,0.051089791972857596,9421.168739737714,3.5735282242565725,47,GOOGLE/DYNAMICWORLD/V1,10
edged_chicago,2022,grass,0.07252408571880557,393.43858534869025,0.14923455126378143,47,GOOGLE/DYNAMICWORLD/V1,10
edged_chicago,2022,flooded_vegetation,0.03888001790632383,0.0,0.0,47,GOOGLE/DYNAMICWORLD/V1,10
edged_chicago,2022,crops,0.49363781657142736,251448.0357815015,95.37634635594989,47,GOOGLE/DYNAMICWORLD/V1,10
edged_chicago,2022,shrub_and_scrub,0.07376275125583671,0.0,0.0,47,GOOGLE/DYNAMICWORLD/V1,10
edged_chicago,2022,built,0.049067064355883164,2375.0882477704213,0.9008908685297551,47,GOOGLE/DYNAMICWORLD/V1,10
edged_chicago,2022,bare,0.061325588718063026,0.0,0.0,47,GOOGLE/DYNAMICWORLD/V1,10
edged_chicago,2022,snow_and_ice,0.03954692724617258,0.0,0.0,47,GOOGLE/DYNAMICWORLD/V1,10
edged_chicago,2023,water,0.0545585323233283,0.0,0.0,60,GOOGLE/DYNAMICWORLD/V1,10
edged_chicago,2023,trees,0.03864224838043839,1305.0538006352442,0.49501783903651775,60,GOOGLE/DYNAMICWORLD/V1,10
edged_chicago,2023,grass,0.06660880164531956,240.38595027549593,0.09118040465626319,60,GOOGLE/DYNAMICWORLD/V1,10
edged_chicago,2023,flooded_vegetation,0.050984740169646964,0.0,0.0,60,GOOGLE/DYNAMICWORLD/V1,10
edged_chicago,2023,crops,0.22999536441254415,198886.0292775473,75.43913697627086,60,GOOGLE/DYNAMICWORLD/V1,10
edged_chicago,2023,shrub_and_scrub,0.1189341947045624,19662.791808513568,7.458261648475727,60,GOOGLE/DYNAMICWORLD/V1,10
edged_chicago,2023,built,0.07051564805383334,15604.877828022081,5.919060882468071,60,GOOGLE/DYNAMICWORLD/V1,10
edged_chicago,2023,bare,0.09237323525230182,27938.592689364563,10.597342249092565,60,GOOGLE/DYNAMICWORLD/V1,10
edged_chicago,2023,snow_and_ice,0.0521249478844537,0.0,0.0,60,GOOGLE/DYNAMICWORLD/V1,10
edged_chicago,2024,water,0.06732847140193193,22345.819270025517,8.47595644038913,55,GOOGLE/DYNAMICWORLD/V1,10
edged_chicago,2024,trees,0.05191719600009367,7150.911468505859,2.7124006232985844,55,GOOGLE/DYNAMICWORLD/V1,10
edged_chicago,2024,grass,0.12044732407186369,18157.69963283165,6.887367578059491,55,GOOGLE/DYNAMICWORLD/V1,10
edged_chicago,2024,flooded_vegetation,0.049458510334833755,3937.68403227563,1.4935965394812734,55,GOOGLE/DYNAMICWORLD/V1,10
edged_chicago,2024,crops,0.22473885567368823,130827.53742271874,49.623980888711294,55,GOOGLE/DYNAMICWORLD/V1,10
edged_chicago,2024,shrub_and_scrub,0.08644426098130557,1214.0012403600356,0.46048084017544666,55,GOOGLE/DYNAMICWORLD/V1,10
edged_chicago,2024,built,0.1961598629798635,79217.43473286349,30.047836599832717,55,GOOGLE/DYNAMICWORLD/V1,10
edged_chicago,2024,bare,0.059138433427227584,786.6435547772576,0.29838049005205625,55,GOOGLE/DYNAMICWORLD/V1,10
edged_chicago,2024,snow_and_ice,0.0466977311995869,0.0,0.0,55,GOOGLE/DYNAMICWORLD/V1,10
edged_chicago,2025,water,0.04412192588437032,0.0,0.0,62,GOOGLE/DYNAMICWORLD/V1,10
edged_chicago,2025,trees,0.10903338569903415,61150.057993929986,23.194729252065052,62,GOOGLE/DYNAMICWORLD/V1,10
edged_chicago,2025,grass,0.12972761896560384,16526.222273493746,6.268534548751933,62,GOOGLE/DYNAMICWORLD/V1,10
edged_chicago,2025,flooded_vegetation,0.04474475188004692,0.0,0.0,62,GOOGLE/DYNAMICWORLD/V1,10
edged_chicago,2025,crops,0.15289812249434168,90795.45210825602,34.43947557954704,62,GOOGLE/DYNAMICWORLD/V1,10
edged_chicago,2025,shrub_and_scrub,0.11516447682876942,19807.9960409127,7.513338830202788,62,GOOGLE/DYNAMICWORLD/V1,10
edged_chicago,2025,built,0.15954798403269535,75104.16908201328,28.487640481576214,62,GOOGLE/DYNAMICWORLD/V1,10
edged_chicago,2025,bare,0.06006147292191906,253.83385575238398,0.09628130785695592,62,GOOGLE/DYNAMICWORLD/V1,10
edged_chicago,2025,snow_and_ice,0.0497227240092514,0.0,0.0,62,GOOGLE/DYNAMICWORLD/V1,10
edged_chicago,2026,water,0.060261227681947416,2830.553382873535,1.073652609712742,33,GOOGLE/DYNAMICWORLD/V1,10
edged_chicago,2026,trees,0.06793669851549493,28730.16281005261,10.897591426864501,33,GOOGLE/DYNAMICWORLD/V1,10
edged_chicago,2026,grass,0.051361574630317056,446.8998565673828,0.169512859282915,33,GOOGLE/DYNAMICWORLD/V1,10
edged_chicago,2026,flooded_vegetation,0.05926771211348388,12912.749501785578,4.897914056326564,33,GOOGLE/DYNAMICWORLD/V1,10
edged_chicago,2026,crops,0.07035544210060965,4865.446858843635,1.8455047514818492,33,GOOGLE/DYNAMICWORLD/V1,10
edged_chicago,2026,shrub_and_scrub,0.06864447752383009,372.43121337890625,0.1412662790965674,33,GOOGLE/DYNAMICWORLD/V1,10
edged_chicago,2026,built,0.25879030583306784,153300.85696964647,58.148299252201184,33,GOOGLE/DYNAMICWORLD/V1,10
edged_chicago,2026,bare,0.1535481917033738,60029.65653330485,22.769751592429824,33,GOOGLE/DYNAMICWORLD/V1,10
edged_chicago,2026,snow_and_ice,0.07651029095937516,148.97422790527344,0.056507172603846904,33,GOOGLE/DYNAMICWORLD/V1,10
cyrusone_aurora_chi1_chi2,2016,water,0.044687962546920444,213.25713390275544,0.12698050496841315,15,GOOGLE/DYNAMICWORLD/V1,10
cyrusone_aurora_chi1_chi2,2016,trees,0.3388118662482583,93850.46749982647,55.881740209843606,15,GOOGLE/DYNAMICWORLD/V1,10
cyrusone_aurora_chi1_chi2,2016,grass,0.08630679131757642,1440.5381901460535,0.8577451242237967,15,GOOGLE/DYNAMICWORLD/V1,10
cyrusone_aurora_chi1_chi2,2016,flooded_vegetation,0.03438629359467688,0.0,0.0,15,GOOGLE/DYNAMICWORLD/V1,10
cyrusone_aurora_chi1_chi2,2016,crops,0.08986151742327983,16436.669797261555,9.786948706752593,15,GOOGLE/DYNAMICWORLD/V1,10
cyrusone_aurora_chi1_chi2,2016,shrub_and_scrub,0.06227538955917895,3128.8493881225586,1.8630226712841493,15,GOOGLE/DYNAMICWORLD/V1,10
cyrusone_aurora_chi1_chi2,2016,built,0.1966783669597263,50938.13135690136,30.330284963860336,15,GOOGLE/DYNAMICWORLD/V1,10
cyrusone_aurora_chi1_chi2,2016,bare,0.07306137392204956,1936.8699340820312,1.1532778190671145,15,GOOGLE/DYNAMICWORLD/V1,10
cyrusone_aurora_chi1_chi2,2016,snow_and_ice,0.054349571689649406,0.0,0.0,15,GOOGLE/DYNAMICWORLD/V1,10
cyrusone_aurora_chi1_chi2,2017,water,0.05038256062526481,710.761095383588,0.42321117775532624,26,GOOGLE/DYNAMICWORLD/V1,10
cyrusone_aurora_chi1_chi2,2017,trees,0.11592673983561079,32614.206667582195,19.419600910899533,26,GOOGLE/DYNAMICWORLD/V1,10
cyrusone_aurora_chi1_chi2,2017,grass,0.06210423931033456,74.49694061279297,0.04435799621093993,26,GOOGLE/DYNAMICWORLD/V1,10
cyrusone_aurora_chi1_chi2,2017,flooded_vegetation,0.03555777028677045,0.0,0.0,26,GOOGLE/DYNAMICWORLD/V1,10
cyrusone_aurora_chi1_chi2,2017,crops,0.08558314835735009,17283.64088954552,10.291263920146148,26,GOOGLE/DYNAMICWORLD/V1,10
cyrusone_aurora_chi1_chi2,2017,shrub_and_scrub,0.0712376957041092,8865.051879882812,5.278551501081366,26,GOOGLE/DYNAMICWORLD/V1,10
cyrusone_aurora_chi1_chi2,2017,built,0.37257298016275675,105363.64652485575,62.737076111790984,26,GOOGLE/DYNAMICWORLD/V1,10
cyrusone_aurora_chi1_chi2,2017,bare,0.10094805468059105,3032.9793023801317,1.8059383821157051,26,GOOGLE/DYNAMICWORLD/V1,10
cyrusone_aurora_chi1_chi2,2017,snow_and_ice,0.05585196585174723,0.0,0.0,26,GOOGLE/DYNAMICWORLD/V1,10
cyrusone_aurora_chi1_chi2,2018,water,0.04792484439470041,664.0199276494045,0.39537990677704166,51,GOOGLE/DYNAMICWORLD/V1,10
cyrusone_aurora_chi1_chi2,2018,trees,0.11398007212959287,34469.92448416317,20.524558016511694,51,GOOGLE/DYNAMICWORLD/V1,10
cyrusone_aurora_chi1_chi2,2018,grass,0.06546993820908399,1493.7376936370251,0.8894219065837847,51,GOOGLE/DYNAMICWORLD/V1,10
cyrusone_aurora_chi1_chi2,2018,flooded_vegetation,0.03942502299410745,0.0,0.0,51,GOOGLE/DYNAMICWORLD/V1,10
cyrusone_aurora_chi1_chi2,2018,crops,0.0793920542104024,10109.79033424527,6.019710845183874,51,GOOGLE/DYNAMICWORLD/V1,10
cyrusone_aurora_chi1_chi2,2018,shrub_and_scrub,0.07478820417021453,9982.479988098145,5.943905962385265,51,GOOGLE/DYNAMICWORLD/V1,10
cyrusone_aurora_chi1_chi2,2018,built,0.3822530672917217,107813.24073776553,64.1956472949938,51,GOOGLE/DYNAMICWORLD/V1,10
cyrusone_aurora_chi1_chi2,2018,bare,0.10180591413445181,3411.5901346842447,2.0313760675645307,51,GOOGLE/DYNAMICWORLD/V1,10
cyrusone_aurora_chi1_chi2,2018,snow_and_ice,0.06143714825756288,0.0,0.0,51,GOOGLE/DYNAMICWORLD/V1,10
cyrusone_aurora_chi1_chi2,2019,water,0.04332677327141339,155.70711089489504,0.09271327625373757,52,GOOGLE/DYNAMICWORLD/V1,10
cyrusone_aurora_chi1_chi2,2019,trees,0.15138414303070946,54598.47580207376,32.509777755028864,52,GOOGLE/DYNAMICWORLD/V1,10
cyrusone_aurora_chi1_chi2,2019,grass,0.06671941701771364,2309.3700790405273,1.3750769947477068,52,GOOGLE/DYNAMICWORLD/V1,10
cyrusone_aurora_chi1_chi2,2019,flooded_vegetation,0.03778211104850405,0.0,0.0,52,GOOGLE/DYNAMICWORLD/V1,10
cyrusone_aurora_chi1_chi2,2019,crops,0.0747434313796898,7084.375057863723,4.2182763397888055,52,GOOGLE/DYNAMICWORLD/V1,10
cyrusone_aurora_chi1_chi2,2019,shrub_and_scrub,0.055131801001347,670.4610137939453,0.3992151471566286,52,GOOGLE/DYNAMICWORLD/V1,10
cyrusone_aurora_chi1_chi2,2019,built,0.3727507421180865,100851.2212928324,60.05022562239157,52,GOOGLE/DYNAMICWORLD/V1,10
cyrusone_aurora_chi1_chi2,2019,bare,0.09015778518775806,2275.1729437435374,1.3547148646326832,52,GOOGLE/DYNAMICWORLD/V1,10
cyrusone_aurora_chi1_chi2,2019,snow_and_ice,0.0566325181130668,0.0,0.0,52,GOOGLE/DYNAMICWORLD/V1,10
cyrusone_aurora_chi1_chi2,2020,water,0.04531302018490457,89.10066019694011,0.05305354441266012,64,GOOGLE/DYNAMICWORLD/V1,10
cyrusone_aurora_chi1_chi2,2020,trees,0.12439162718908264,52528.05887705485,31.276981544075692,64,GOOGLE/DYNAMICWORLD/V1,10
cyrusone_aurora_chi1_chi2,2020,grass,0.062116338507729796,332.169299585679,0.19778482728567065,64,GOOGLE/DYNAMICWORLD/V1,10
cyrusone_aurora_chi1_chi2,2020,flooded_vegetation,0.03546768871112819,0.0,0.0,64,GOOGLE/DYNAMICWORLD/V1,10
cyrusone_aurora_chi1_chi2,2020,crops,0.06261505521844893,668.1256350348976,0.3978245837147904,64,GOOGLE/DYNAMICWORLD/V1,10
cyrusone_aurora_chi1_chi2,2020,shrub_and_scrub,0.06400143335996257,10375.624368136536,6.177997413344803,64,GOOGLE/DYNAMICWORLD/V1,10
cyrusone_aurora_chi1_chi2,2020,built,0.34850390818423543,102150.08827700156,60.823614922520726,64,GOOGLE/DYNAMICWORLD/V1,10
cyrusone_aurora_chi1_chi2,2020,bare,0.09652479841814508,1205.6535138597676,0.7178868495750559,64,GOOGLE/DYNAMICWORLD/V1,10
cyrusone_aurora_chi1_chi2,2020,snow_and_ice,0.06600538705166539,595.9626693725586,0.3548563150706075,64,GOOGLE/DYNAMICWORLD/V1,10
cyrusone_aurora_chi1_chi2,2021,water,0.04209290489391795,198.06646231857,0.11793546570867715,46,GOOGLE/DYNAMICWORLD/V1,10
cyrusone_aurora_chi1_chi2,2021,trees,0.12616228122269577,39409.05080009908,23.46548075247188,46,GOOGLE/DYNAMICWORLD/V1,10
cyrusone_aurora_chi1_chi2,2021,grass,0.07986962280678686,28405.228023783373,16.913432775701054,46,GOOGLE/DYNAMICWORLD/V1,10
cyrusone_aurora_chi1_chi2,2021,flooded_vegetation,0.03631941720607201,0.0,0.0,46,GOOGLE/DYNAMICWORLD/V1,10
cyrusone_aurora_chi1_chi2,2021,crops,0.06582096943839956,0.0,0.0,46,GOOGLE/DYNAMICWORLD/V1,10
cyrusone_aurora_chi1_chi2,2021,shrub_and_scrub,0.056581142243103226,521.4686813354492,0.3105000769230177,46,GOOGLE/DYNAMICWORLD/V1,10
cyrusone_aurora_chi1_chi2,2021,built,0.3391182525206443,98889.5025816077,58.882152001600595,46,GOOGLE/DYNAMICWORLD/V1,10
cyrusone_aurora_chi1_chi2,2021,bare,0.08888885552228326,0.0,0.0,46,GOOGLE/DYNAMICWORLD/V1,10
cyrusone_aurora_chi1_chi2,2021,snow_and_ice,0.061614796212580036,521.4667510986328,0.31049892759478104,46,GOOGLE/DYNAMICWORLD/V1,10
cyrusone_aurora_chi1_chi2,2022,water,0.041334753868775526,445.2120975569184,0.26509432970060876,47,GOOGLE/DYNAMICWORLD/V1,10
cyrusone_aurora_chi1_chi2,2022,trees,0.07521746082085216,27532.08800267239,16.393535697653668,47,GOOGLE/DYNAMICWORLD/V1,10
cyrusone_aurora_chi1_chi2,2022,grass,0.06144515462116392,11683.438609403724,6.956714212740203,47,GOOGLE/DYNAMICWORLD/V1,10
cyrusone_aurora_chi1_chi2,2022,flooded_vegetation,0.03534619855516151,0.0,0.0,47,GOOGLE/DYNAMICWORLD/V1,10
cyrusone_aurora_chi1_chi2,2022,crops,0.06690355224880369,3286.6038719626035,1.9569550225844095,47,GOOGLE/DYNAMICWORLD/V1,10
cyrusone_aurora_chi1_chi2,2022,shrub_and_scrub,0.04888712888352701,1266.435173034668,0.7540783036830637,47,GOOGLE/DYNAMICWORLD/V1,10
cyrusone_aurora_chi1_chi2,2022,built,0.41701287315257096,118747.98594548849,70.70656415281275,47,GOOGLE/DYNAMICWORLD/V1,10
cyrusone_aurora_chi1_chi2,2022,bare,0.09279625530596623,4983.019600123986,2.967058280825316,47,GOOGLE/DYNAMICWORLD/V1,10
cyrusone_aurora_chi1_chi2,2022,snow_and_ice,0.05619700047242341,0.0,0.0,47,GOOGLE/DYNAMICWORLD/V1,10
cyrusone_aurora_chi1_chi2,2023,water,0.04337992234687713,2704.868740665212,1.6105702645312892,60,GOOGLE/DYNAMICWORLD/V1,10
cyrusone_aurora_chi1_chi2,2023,trees,0.03697533635565462,0.0,0.0,60,GOOGLE/DYNAMICWORLD/V1,10
cyrusone_aurora_chi1_chi2,2023,grass,0.03838515790850729,0.0,0.0,60,GOOGLE/DYNAMICWORLD/V1,10
cyrusone_aurora_chi1_chi2,2023,flooded_vegetation,0.0304300720316577,0.0,0.0,60,GOOGLE/DYNAMICWORLD/V1,10
cyrusone_aurora_chi1_chi2,2023,crops,0.04774142053865967,160.97123221603096,0.09584771199963718,60,GOOGLE/DYNAMICWORLD/V1,10
cyrusone_aurora_chi1_chi2,2023,shrub_and_scrub,0.033678534019623514,0.0,0.0,60,GOOGLE/DYNAMICWORLD/V1,10
cyrusone_aurora_chi1_chi2,2023,built,0.5879003821924531,165078.943327361,98.29358202346907,60,GOOGLE/DYNAMICWORLD/V1,10
cyrusone_aurora_chi1_chi2,2023,bare,0.10422233145706065,0.0,0.0,60,GOOGLE/DYNAMICWORLD/V1,10
cyrusone_aurora_chi1_chi2,2023,snow_and_ice,0.0566215333364275,0.0,0.0,60,GOOGLE/DYNAMICWORLD/V1,10
cyrusone_aurora_chi1_chi2,2024,water,0.042022081749661835,2319.5442386402806,1.3811350332290642,55,GOOGLE/DYNAMICWORLD/V1,10
cyrusone_aurora_chi1_chi2,2024,trees,0.03950026340293377,1553.8529096117209,0.9252165378866398,55,GOOGLE/DYNAMICWORLD/V1,10
cyrusone_aurora_chi1_chi2,2024,grass,0.040375532176949,475.0316484039906,0.2828498980851079,55,GOOGLE/DYNAMICWORLD/V1,10
cyrusone_aurora_chi1_chi2,2024,flooded_vegetation,0.029520413852662707,0.0,0.0,55,GOOGLE/DYNAMICWORLD/V1,10
cyrusone_aurora_chi1_chi2,2024,crops,0.04539909637780821,0.0,0.0,55,GOOGLE/DYNAMICWORLD/V1,10
cyrusone_aurora_chi1_chi2,2024,shrub_and_scrub,0.030302388087650588,0.0,0.0,55,GOOGLE/DYNAMICWORLD/V1,10
cyrusone_aurora_chi1_chi2,2024,built,0.634800665724301,163596.35450358625,97.4107985307992,55,GOOGLE/DYNAMICWORLD/V1,10
cyrusone_aurora_chi1_chi2,2024,bare,0.07860122387349136,0.0,0.0,55,GOOGLE/DYNAMICWORLD/V1,10
cyrusone_aurora_chi1_chi2,2024,snow_and_ice,0.0501717700232063,0.0,0.0,55,GOOGLE/DYNAMICWORLD/V1,10
cyrusone_aurora_chi1_chi2,2025,water,0.043347992323251434,1983.882097431257,1.181270449993427,62,GOOGLE/DYNAMICWORLD/V1,10
cyrusone_aurora_chi1_chi2,2025,trees,0.04041046596592369,2535.712897057627,1.5098491582941416,62,GOOGLE/DYNAMICWORLD/V1,10
cyrusone_aurora_chi1_chi2,2025,grass,0.0393651324547239,0.0,0.0,62,GOOGLE/DYNAMICWORLD/V1,10
cyrusone_aurora_chi1_chi2,2025,flooded_vegetation,0.029667743255149613,0.0,0.0,62,GOOGLE/DYNAMICWORLD/V1,10
cyrusone_aurora_chi1_chi2,2025,crops,0.042948431148613235,0.0,0.0,62,GOOGLE/DYNAMICWORLD/V1,10
cyrusone_aurora_chi1_chi2,2025,shrub_and_scrub,0.030976232989128268,0.0,0.0,62,GOOGLE/DYNAMICWORLD/V1,10
cyrusone_aurora_chi1_chi2,2025,built,0.6277210767063794,163425.18830575334,97.30888039171244,62,GOOGLE/DYNAMICWORLD/V1,10
cyrusone_aurora_chi1_chi2,2025,bare,0.0852951911859054,0.0,0.0,62,GOOGLE/DYNAMICWORLD/V1,10
cyrusone_aurora_chi1_chi2,2025,snow_and_ice,0.05288867305506474,0.0,0.0,62,GOOGLE/DYNAMICWORLD/V1,10
cyrusone_aurora_chi1_chi2,2026,water,0.04223323009554053,2799.8126650641952,1.6671030859344098,33,GOOGLE/DYNAMICWORLD/V1,10
cyrusone_aurora_chi1_chi2,2026,trees,0.03709412728405085,980.6877078486425,0.5839346055158048,33,GOOGLE/DYNAMICWORLD/V1,10
cyrusone_aurora_chi1_chi2,2026,grass,0.03984138137341516,260.0112288231943,0.15481947323029432,33,GOOGLE/DYNAMICWORLD/V1,10
cyrusone_aurora_chi1_chi2,2026,flooded_vegetation,0.030859472883838404,0.0,0.0,33,GOOGLE/DYNAMICWORLD/V1,10
cyrusone_aurora_chi1_chi2,2026,crops,0.045357050354767364,11.393759424546186,0.006784229435800376,33,GOOGLE/DYNAMICWORLD/V1,10
cyrusone_aurora_chi1_chi2,2026,shrub_and_scrub,0.03162070419236275,0.0,0.0,33,GOOGLE/DYNAMICWORLD/V1,10
cyrusone_aurora_chi1_chi2,2026,built,0.6123605121248319,163892.87793908163,97.5873586058837,33,GOOGLE/DYNAMICWORLD/V1,10
cyrusone_aurora_chi1_chi2,2026,bare,0.086423561186054,0.0,0.0,33,GOOGLE/DYNAMICWORLD/V1,10
cyrusone_aurora_chi1_chi2,2026,snow_and_ice,0.05537156411304195,0.0,0.0,33,GOOGLE/DYNAMICWORLD/V1,10
cyrusone_aurora_iii,2016,water,0.04899093082190291,18.695124487783396,0.014358682768776904,15,GOOGLE/DYNAMICWORLD/V1,10
cyrusone_aurora_iii,2016,trees,0.052235890024693164,870.7895936853745,0.6688049358671536,15,GOOGLE/DYNAMICWORLD/V1,10
cyrusone_aurora_iii,2016,grass,0.09011996136318327,157.44721829283472,0.12092642987055219,15,GOOGLE/DYNAMICWORLD/V1,10
cyrusone_aurora_iii,2016,flooded_vegetation,0.03659988483225668,496.0045269835228,0.38095342234750057,15,GOOGLE/DYNAMICWORLD/V1,10
cyrusone_aurora_iii,2016,crops,0.5428354694383217,128657.89594463269,98.81495652914602,15,GOOGLE/DYNAMICWORLD/V1,10
cyrusone_aurora_iii,2016,shrub_and_scrub,0.07268521974729122,0.0,0.0,15,GOOGLE/DYNAMICWORLD/V1,10
cyrusone_aurora_iii,2016,built,0.04074834378071288,0.0,0.0,15,GOOGLE/DYNAMICWORLD/V1,10
cyrusone_aurora_iii,2016,bare,0.0686144256929153,0.0,0.0,15,GOOGLE/DYNAMICWORLD/V1,10
cyrusone_aurora_iii,2016,snow_and_ice,0.03613459187911365,0.0,0.0,15,GOOGLE/DYNAMICWORLD/V1,10
cyrusone_aurora_iii,2017,water,0.047139121449942756,0.0,0.0,26,GOOGLE/DYNAMICWORLD/V1,10
cyrusone_aurora_iii,2017,trees,0.09828871359123255,540.9925566729378,0.41550621963562473,26,GOOGLE/DYNAMICWORLD/V1,10
cyrusone_aurora_iii,2017,grass,0.09747406703333554,56.669213328642,0.04352446315475649,26,GOOGLE/DYNAMICWORLD/V1,10
cyrusone_aurora_iii,2017,flooded_vegetation,0.04232495905465642,862.0190237905463,0.6620687501357606,26,GOOGLE/DYNAMICWORLD/V1,10
cyrusone_aurora_iii,2017,crops,0.4592005926015613,128739.39901868031,98.87755449610229,26,GOOGLE/DYNAMICWORLD/V1,10
cyrusone_aurora_iii,2017,shrub_and_scrub,0.07309694315366608,0.0,0.0,26,GOOGLE/DYNAMICWORLD/V1,10
cyrusone_aurora_iii,2017,built,0.042206615351867656,0.0,0.0,26,GOOGLE/DYNAMICWORLD/V1,10
cyrusone_aurora_iii,2017,bare,0.055714472313269155,1.752595609777114,0.0013460709715618696,26,GOOGLE/DYNAMICWORLD/V1,10
cyrusone_aurora_iii,2017,snow_and_ice,0.03631770354830856,0.0,0.0,26,GOOGLE/DYNAMICWORLD/V1,10
cyrusone_aurora_iii,2018,water,0.04997956597915252,0.0,0.0,51,GOOGLE/DYNAMICWORLD/V1,10
cyrusone_aurora_iii,2018,trees,0.03760185566928099,39.72737205355775,0.030512379467008445,51,GOOGLE/DYNAMICWORLD/V1,10
cyrusone_aurora_iii,2018,grass,0.08401077808236955,0.0,0.0,51,GOOGLE/DYNAMICWORLD/V1,10
cyrusone_aurora_iii,2018,flooded_vegetation,0.05912954830901312,2739.127147270651,2.103770841253562,51,GOOGLE/DYNAMICWORLD/V1,10
cyrusone_aurora_iii,2018,crops,0.4523065543959348,127421.977888758,97.86571677927942,51,GOOGLE/DYNAMICWORLD/V1,10
cyrusone_aurora_iii,2018,shrub_and_scrub,0.0854213843800796,0.0,0.0,51,GOOGLE/DYNAMICWORLD/V1,10
cyrusone_aurora_iii,2018,built,0.041041713085885737,0.0,0.0,51,GOOGLE/DYNAMICWORLD/V1,10
cyrusone_aurora_iii,2018,bare,0.08036679997511667,0.0,0.0,51,GOOGLE/DYNAMICWORLD/V1,10
cyrusone_aurora_iii,2018,snow_and_ice,0.046492589113094576,0.0,0.0,51,GOOGLE/DYNAMICWORLD/V1,10
cyrusone_aurora_iii,2019,water,0.05608434475555913,0.0,0.0,52,GOOGLE/DYNAMICWORLD/V1,10
cyrusone_aurora_iii,2019,trees,0.04557068744698703,431.4505299586876,0.3313730964533413,52,GOOGLE/DYNAMICWORLD/V1,10
cyrusone_aurora_iii,2019,grass,0.14793730329926108,422.38831790101295,0.32441291663723126,52,GOOGLE/DYNAMICWORLD/V1,10
cyrusone_aurora_iii,2019,flooded_vegetation,0.05815809399510771,1028.2302638334384,0.7897263364728004,52,GOOGLE/DYNAMICWORLD/V1,10
cyrusone_aurora_iii,2019,crops,0.33199819484331644,126801.55115245741,97.38920159513988,52,GOOGLE/DYNAMICWORLD/V1,10
cyrusone_aurora_iii,2019,shrub_and_scrub,0.13019151618741523,1513.9990015665692,1.1628182197954886,52,GOOGLE/DYNAMICWORLD/V1,10
cyrusone_aurora_iii,2019,built,0.040114740062442186,0.0,0.0,52,GOOGLE/DYNAMICWORLD/V1,10
cyrusone_aurora_iii,2019,bare,0.07655043763913533,3.213142365100337,0.002467835501258194,52,GOOGLE/DYNAMICWORLD/V1,10
cyrusone_aurora_iii,2019,snow_and_ice,0.04282614794919405,0.0,0.0,52,GOOGLE/DYNAMICWORLD/V1,10
cyrusone_aurora_iii,2020,water,0.04860698913329729,0.0,0.0,64,GOOGLE/DYNAMICWORLD/V1,10
cyrusone_aurora_iii,2020,trees,0.038116377499530785,561.7325224034927,0.4314354309524546,64,GOOGLE/DYNAMICWORLD/V1,10
cyrusone_aurora_iii,2020,grass,0.08305956615869764,0.0,0.0,64,GOOGLE/DYNAMICWORLD/V1,10
cyrusone_aurora_iii,2020,flooded_vegetation,0.041065034997004216,0.0,0.0,64,GOOGLE/DYNAMICWORLD/V1,10
cyrusone_aurora_iii,2020,crops,0.37976180394706005,129117.38928192733,99.16786774238194,64,GOOGLE/DYNAMICWORLD/V1,10
cyrusone_aurora_iii,2020,shrub_and_scrub,0.08843169719172161,521.7106037513882,0.4006968266656052,64,GOOGLE/DYNAMICWORLD/V1,10
cyrusone_aurora_iii,2020,built,0.04239364683362316,0.0,0.0,64,GOOGLE/DYNAMICWORLD/V1,10
cyrusone_aurora_iii,2020,bare,0.08072252995420588,0.0,0.0,64,GOOGLE/DYNAMICWORLD/V1,10
cyrusone_aurora_iii,2020,snow_and_ice,0.04699474433040354,0.0,0.0,64,GOOGLE/DYNAMICWORLD/V1,10
cyrusone_aurora_iii,2021,water,0.04514633956318847,0.0,0.0,46,GOOGLE/DYNAMICWORLD/V1,10
cyrusone_aurora_iii,2021,trees,0.03384347028399774,680.0382281135113,0.5222994473507667,46,GOOGLE/DYNAMICWORLD/V1,10
cyrusone_aurora_iii,2021,grass,0.08003886977123764,636.2169400084252,0.48864275922166234,46,GOOGLE/DYNAMICWORLD/V1,10
cyrusone_aurora_iii,2021,flooded_vegetation,0.0393388729073867,49.36677389705883,0.037915866576283416,46,GOOGLE/DYNAMICWORLD/V1,10
cyrusone_aurora_iii,2021,crops,0.4460978278355244,128769.77769664685,98.90088666487932,46,GOOGLE/DYNAMICWORLD/V1,10
cyrusone_aurora_iii,2021,shrub_and_scrub,0.06426922927780612,65.43276941636029,0.050255261971964595,46,GOOGLE/DYNAMICWORLD/V1,10
cyrusone_aurora_iii,2021,built,0.03982669241087782,0.0,0.0,46,GOOGLE/DYNAMICWORLD/V1,10
cyrusone_aurora_iii,2021,bare,0.0834234246591297,0.0,0.0,46,GOOGLE/DYNAMICWORLD/V1,10
cyrusone_aurora_iii,2021,snow_and_ice,0.047289778255113685,0.0,0.0,46,GOOGLE/DYNAMICWORLD/V1,10
cyrusone_aurora_iii,2022,water,0.0496391730337074,0.0,0.0,47,GOOGLE/DYNAMICWORLD/V1,10
cyrusone_aurora_iii,2022,trees,0.03679131111710069,561.7325224034927,0.43143543095245457,47,GOOGLE/DYNAMICWORLD/V1,10
cyrusone_aurora_iii,2022,grass,0.05869449870143733,0.0,0.0,47,GOOGLE/DYNAMICWORLD/V1,10
cyrusone_aurora_iii,2022,flooded_vegetation,0.04061779109552154,1053.350470928117,0.8090197669602074,47,GOOGLE/DYNAMICWORLD/V1,10
cyrusone_aurora_iii,2022,crops,0.5415805216618398,128585.74941475061,98.75954480208733,47,GOOGLE/DYNAMICWORLD/V1,10
cyrusone_aurora_iii,2022,shrub_and_scrub,0.06163167703549212,0.0,0.0,47,GOOGLE/DYNAMICWORLD/V1,10
cyrusone_aurora_iii,2022,built,0.03814816489072459,0.0,0.0,47,GOOGLE/DYNAMICWORLD/V1,10
cyrusone_aurora_iii,2022,bare,0.06333127623316492,0.0,0.0,47,GOOGLE/DYNAMICWORLD/V1,10
cyrusone_aurora_iii,2022,snow_and_ice,0.041370912599334134,0.0,0.0,47,GOOGLE/DYNAMICWORLD/V1,10
cyrusone_aurora_iii,2023,water,0.04815762392338665,0.0,0.0,60,GOOGLE/DYNAMICWORLD/V1,10
cyrusone_aurora_iii,2023,trees,0.04204032983452309,546.8348891015147,0.41999338943363773,60,GOOGLE/DYNAMICWORLD/V1,10
cyrusone_aurora_iii,2023,grass,0.0828111744775988,0.0,0.0,60,GOOGLE/DYNAMICWORLD/V1,10
cyrusone_aurora_iii,2023,flooded_vegetation,0.047753321404908386,1148.578115186504,0.8821588110793108,60,GOOGLE/DYNAMICWORLD/V1,10
cyrusone_aurora_iii,2023,crops,0.5010366813540826,128505.41940379419,98.69784779948705,60,GOOGLE/DYNAMICWORLD/V1,10
cyrusone_aurora_iii,2023,shrub_and_scrub,0.06980745344018234,0.0,0.0,60,GOOGLE/DYNAMICWORLD/V1,10
cyrusone_aurora_iii,2023,built,0.04033730342881155,0.0,0.0,60,GOOGLE/DYNAMICWORLD/V1,10
cyrusone_aurora_iii,2023,bare,0.05886642102670703,0.0,0.0,60,GOOGLE/DYNAMICWORLD/V1,10
cyrusone_aurora_iii,2023,snow_and_ice,0.042456769669831605,0.0,0.0,60,GOOGLE/DYNAMICWORLD/V1,10
cyrusone_aurora_iii,2024,water,0.05980898104671307,0.0,0.0,55,GOOGLE/DYNAMICWORLD/V1,10
cyrusone_aurora_iii,2024,trees,0.03767898828653819,2505.4320574292947,1.924282672461447,55,GOOGLE/DYNAMICWORLD/V1,10
cyrusone_aurora_iii,2024,grass,0.0662860602582088,127.65176508286422,0.09804220351124283,55,GOOGLE/DYNAMICWORLD/V1,10
cyrusone_aurora_iii,2024,flooded_vegetation,0.05616905391999842,1048.6836104149913,0.8054354116017879,55,GOOGLE/DYNAMICWORLD/V1,10
cyrusone_aurora_iii,2024,crops,0.1863124796746674,61690.76821028764,47.38123948158274,55,GOOGLE/DYNAMICWORLD/V1,10
cyrusone_aurora_iii,2024,shrub_and_scrub,0.09688330908153778,5158.597683865416,3.9620312623632614,55,GOOGLE/DYNAMICWORLD/V1,10
cyrusone_aurora_iii,2024,built,0.0564482838136049,0.0,0.0,55,GOOGLE/DYNAMICWORLD/V1,10
cyrusone_aurora_iii,2024,bare,0.15770898548974197,59669.69908100204,45.82896896847952,55,GOOGLE/DYNAMICWORLD/V1,10
cyrusone_aurora_iii,2024,snow_and_ice,0.0651960780809996,0.0,0.0,55,GOOGLE/DYNAMICWORLD/V1,10
cyrusone_aurora_iii,2025,water,0.06144218418251479,1415.2948684692383,1.087009078431501,62,GOOGLE/DYNAMICWORLD/V1,10
cyrusone_aurora_iii,2025,trees,0.05105303160886863,6352.563273471012,4.879049661956441,62,GOOGLE/DYNAMICWORLD/V1,10
cyrusone_aurora_iii,2025,grass,0.04592316156745647,0.0,0.0,62,GOOGLE/DYNAMICWORLD/V1,10
cyrusone_aurora_iii,2025,flooded_vegetation,0.043166285326356434,0.0,0.0,62,GOOGLE/DYNAMICWORLD/V1,10
cyrusone_aurora_iii,2025,crops,0.05275629345132141,0.0,0.0,62,GOOGLE/DYNAMICWORLD/V1,10
cyrusone_aurora_iii,2025,shrub_and_scrub,0.08218519308415806,4409.714930515663,3.3868561736183853,62,GOOGLE/DYNAMICWORLD/V1,10
cyrusone_aurora_iii,2025,built,0.2973630758016632,82556.85143175315,63.407314611475854,62,GOOGLE/DYNAMICWORLD/V1,10
cyrusone_aurora_iii,2025,bare,0.17957357790374875,35466.40790387322,27.239770474517815,62,GOOGLE/DYNAMICWORLD/V1,10
cyrusone_aurora_iii,2025,snow_and_ice,0.07845899545969175,0.0,0.0,62,GOOGLE/DYNAMICWORLD/V1,10
cyrusone_aurora_iii,2026,water,0.058148983098470296,4394.855018615723,3.3754431038053108,33,GOOGLE/DYNAMICWORLD/V1,10
cyrusone_aurora_iii,2026,trees,0.04872700740146352,6108.058373335299,4.691259080580301,33,GOOGLE/DYNAMICWORLD/V1,10
cyrusone_aurora_iii,2026,grass,0.048834816040801914,5.258099185719209,0.004038452818211638,33,GOOGLE/DYNAMICWORLD/V1,10
cyrusone_aurora_iii,2026,flooded_vegetation,0.04817211838597847,9.639607807234222,0.007403645298534851,33,GOOGLE/DYNAMICWORLD/V1,10
cyrusone_aurora_iii,2026,crops,0.05945123006175587,587.737205654967,0.4514081782617567,33,GOOGLE/DYNAMICWORLD/V1,10
cyrusone_aurora_iii,2026,shrub_and_scrub,0.06845173218218983,3198.9529578115425,2.456937408652824,33,GOOGLE/DYNAMICWORLD/V1,10
cyrusone_aurora_iii,2026,built,0.40368822269258026,109043.34661045448,83.75011479856374,33,GOOGLE/DYNAMICWORLD/V1,10
cyrusone_aurora_iii,2026,bare,0.10829415391278145,6852.984535217285,5.263395332019309,33,GOOGLE/DYNAMICWORLD/V1,10
cyrusone_aurora_iii,2026,snow_and_ice,0.07045636363569502,0.0,0.0,33,GOOGLE/DYNAMICWORLD/V1,10
